Date,Open*,High,Low,Close**,Volume,Market Cap
27-Nov-19,148.4,154.89,143.53,153.01,8778095308,16634910472
26-Nov-19,146.4,150,145.22,148.97,7648516297,16193326033
25-Nov-19,142.7,150.21,133.8,146.48,10962753356,15921080564
24-Nov-19,153.43,153.97,142.83,142.83,7782769098,15523459920
23-Nov-19,150.21,154.1,147.6,153.42,8289198330,16671705910
22-Nov-19,161.51,163.03,142.34,150.27,12020749863,16327536038
21-Nov-19,175.67,176.21,159.37,161.46,8546371325,17541867626
20-Nov-19,177.42,178.99,175.29,175.7,7205785149,19086228092
19-Nov-19,180.5,182.53,175.2,177.46,7536699743,19274876583
18-Nov-19,185.04,186.93,179.18,180.56,7787662111,19609782345
17-Nov-19,183.35,188.19,182.34,185.12,7364325471,20102654601
16-Nov-19,180.5,184.16,179.99,183.35,6789888120,19908020821
15-Nov-19,186.06,186.25,179.38,180.52,8815678477,19598770324
14-Nov-19,188.27,188.63,184.99,186,7872664470,20191206220
13-Nov-19,186.94,189.33,185.94,188.26,7343173596,20434064781
12-Nov-19,185.56,187.95,184.19,186.84,7792186666,20278071676
11-Nov-19,189.5,190.34,185.09,185.49,7877424106,20128792760
10-Nov-19,184.94,190.92,184.69,189.48,8752784211,20559121065
9-Nov-19,184.31,185.84,183.9,185.03,7277418704,20074095541
8-Nov-19,187.92,188.82,182.54,184.21,9176780911,19983058356
7-Nov-19,191.5,191.86,186.57,187.98,9081247799,20389037934
6-Nov-19,189.11,193.55,188.67,191.59,10156458684,20778894603
5-Nov-19,186.31,191.26,184.33,189.3,10024177342,20528094420
4-Nov-19,182.32,188.02,181.82,186.36,10551917945,20205859402
3-Nov-19,183.99,185.02,179.82,182.43,8760247744,19777347724
2-Nov-19,184.02,185.71,182.8,183.93,8087991830,19937622287
1-Nov-19,183.8,185.06,181.09,183.97,9145611130,19940014311
31-Oct-19,184.8,188.75,180.07,183.97,9607939606,19937256794
30-Oct-19,190.34,191.11,181.55,184.69,10484902804,20013431227
29-Oct-19,182.67,191.85,182.36,190.34,10622761958,20623205054
28-Oct-19,184.4,187.88,180.25,182.66,10406734124,19788729316
27-Oct-19,179.93,188.16,177.68,184.24,10815941952,19957408085
26-Oct-19,181.67,195.94,176.13,179.84,13831784986,19477741705
25-Oct-19,162.19,183,161.97,181.52,10358594018,19658140299
24-Oct-19,162.51,164.15,160.89,162.17,7300917537,17560021218
23-Oct-19,172.26,172.42,157.46,162.4,9624925919,17583244177
22-Oct-19,174.91,175.65,172.27,172.3,6990951966,18652588580
21-Oct-19,175.52,177.74,173.29,174.92,6815820627,18933882640
20-Oct-19,172.97,176.72,171.21,175.53,6801091120,18997957789
19-Oct-19,173.65,175.61,172.22,172.91,6551453871,18711940303
18-Oct-19,177.99,178.18,171.01,173.62,7566257807,18786275035
17-Oct-19,175.91,178.9,174.57,178.03,6737237423,19260755682
16-Oct-19,181.34,181.67,174.06,176.01,7691244590,19040429002
15-Oct-19,186.98,187.76,179.46,181.41,7731456579,19621350993
14-Oct-19,182.03,187.3,181.66,186.96,7276520699,20219637357
13-Oct-19,180.86,185.08,180.32,182.08,6733182273,19688808994
12-Oct-19,182.53,186.3,179.98,180.83,7494328840,19551368532
11-Oct-19,191.8,195.32,181.66,182.57,9128522970,19737401838
10-Oct-19,193.19,193.9,188.31,191.66,8375913276,20717535747
9-Oct-19,182.04,194.3,180.67,193.29,9088122101,20891536595
8-Oct-19,181.11,184.36,179.13,182.02,7466282780,19670825764
7-Oct-19,172.94,182.36,171.53,181.19,7844316834,19578142143
6-Oct-19,176.36,177.36,171.3,173.06,5852890674,18697637484
5-Oct-19,176.95,177.71,173.07,176.35,5837211771,19050956367
4-Oct-19,175.24,178.55,173.56,176.99,6248928449,19116991692
3-Oct-19,180.7,180.8,172.6,175.2,6381403725,18921747814
2-Oct-19,177.22,180.83,175.33,180.71,6335595250,19514521236
1-Oct-19,180.21,185.05,175.81,177.34,7676276225,19148222892
30-Sep-19,170.46,179.87,167.04,179.87,7552915148,19419149343
29-Sep-19,174.61,175.21,167,170.5,6497088199,18405401315
28-Sep-19,174.68,175.78,170.77,174.57,6895423445,18842313324
27-Sep-19,166.65,175.61,163.21,174.71,7909313625,18854855889
26-Sep-19,170.76,171.69,157.13,166.73,7848286154,17991000062
25-Sep-19,168.13,174.72,164.91,170.89,9766632018,18438188568
24-Sep-19,201.84,203.5,162.73,168.11,11757739233,18135747380
23-Sep-19,211.71,211.84,201.89,201.92,7494673136,21780534855
22-Sep-19,215.49,216.09,207.64,211.55,7812854576,22815755536
21-Sep-19,217.9,220.96,215,215.52,7743309778,23241121351
20-Sep-19,221.07,221.6,215.16,218.05,8027974273,23511410671
19-Sep-19,211.25,222.87,204.69,221.28,10620070913,23856751722
18-Sep-19,208.05,216.71,208.05,211.39,9194634557,22787891774
17-Sep-19,197.11,213.73,196.72,208.61,10232590812,22484889435
16-Sep-19,189.69,198.2,189.69,197.11,8242029488,21243167877
15-Sep-19,188.07,190.4,186.45,189.79,6222874780,20451239362
14-Sep-19,181.32,188.45,180.37,188.11,6500686511,20267272633
13-Sep-19,180.98,181.5,178.58,181.11,5955041237,19511050764
12-Sep-19,178.8,182,177.85,181.02,5838605477,19498542852
11-Sep-19,179.84,181.76,176.5,178.73,7157139035,19249367782
10-Sep-19,181.21,184.06,178.12,179.79,6291476772,19361276593
9-Sep-19,181.36,184.15,177.42,181.15,7232938985,19505534124
8-Sep-19,178.28,182.98,178.14,181.36,6472677266,19525276831
7-Sep-19,169.96,180.85,169.44,178.26,6791531342,19189873689
6-Sep-19,174.17,177.72,168.34,169.96,6797611878,18293376881
5-Sep-19,175.97,176.16,171.75,174.22,5589476516,18749645579
4-Sep-19,179.49,180.14,175.33,175.99,5938120494,18938360723
3-Sep-19,178.36,182.35,175.97,179.5,6962728938,19313265198
2-Sep-19,171.7,180.15,170.45,178.35,6503447137,19186913439
1-Sep-19,172.46,173.7,169.53,171.63,5554799576,18461846968
31-Aug-19,168.89,174.32,167.8,172.47,5830212249,18549906272
30-Aug-19,169.49,170.77,167.07,168.83,5776520220,18156660601
29-Aug-19,173.96,174,167.17,169.52,7129569083,18227677831
28-Aug-19,187.5,187.93,172.19,173.89,6696604087,18695530287
27-Aug-19,188.95,188.96,185.47,187.52,6042327402,20158029984
26-Aug-19,186.74,193.44,186.74,188.93,7207986636,20307338403
25-Aug-19,191.23,192.16,184.96,186.84,5826017143,20080495261
24-Aug-19,194.67,194.78,187.63,191.29,6249737982,20555802874
23-Aug-19,191.11,195.91,189.56,194.71,6658162377,20920364879
22-Aug-19,186.94,194.42,183.38,191.33,7569043874,20555295233
21-Aug-19,196.62,197.03,182.69,186.89,7775772700,20075644245
20-Aug-19,202.81,203.02,195.62,196.57,6408417610,21112106339
19-Aug-19,194.56,203.56,193.11,203.09,6145148692,21810324618
18-Aug-19,185.84,197.52,183.69,194.49,5969012024,20884307088
17-Aug-19,185.53,186.7,182.59,185.69,5512696513,19936235953
16-Aug-19,188.64,188.91,180.38,185.44,7133915837,19907120204
15-Aug-19,186.68,189.46,178.14,188.5,8197244441,20233249251
14-Aug-19,208.6,209.07,186.33,186.61,7444456154,20027397541
13-Aug-19,211.34,211.38,205.42,208.71,5946313205,22396531009
12-Aug-19,216.06,216.14,210.95,211.29,5674315559,22670420643
11-Aug-19,206.73,216.6,206.51,216.09,6440605605,23183002869
10-Aug-19,210.53,213.73,203.79,206.73,6584748527,22176113561
9-Aug-19,220.91,221.36,208.25,210.49,6964818795,22576055651
8-Aug-19,226.52,226.77,216.52,220.94,6713525644,23694202562
7-Aug-19,225.93,229.66,222.78,226.39,7020342210,24275514217
6-Aug-19,234.25,239.12,223.55,226.02,7647742672,24232708406
5-Aug-19,222.65,235.64,222.6,234.22,7765060287,25108076876
4-Aug-19,222.58,224.23,218.49,222.67,5238542572,23867371249
3-Aug-19,217.9,224.62,217.33,222.49,5697798687,23845116864
2-Aug-19,217.88,222.18,215.98,217.87,6159440229,23347127327
1-Aug-19,218.55,218.81,212.91,217.81,5965442642,23337361749
31-Jul-19,210.49,218.65,210.44,218.65,6003828340,23425015630
30-Jul-19,211.34,213.61,206.87,210.52,5489918859,22551013736
29-Jul-19,211.12,213.93,208.76,211.27,5485190664,22627969069
28-Jul-19,207.41,212.04,202.25,211.19,5504887934,22616386468
27-Jul-19,219.62,223.52,204.9,207.41,6257703908,22208955063
26-Jul-19,219.63,220.24,214.13,219.63,5729852178,23514586698
25-Jul-19,216.97,224.25,216.14,219.62,6731281160,23510336984
24-Jul-19,212.55,217.54,203.89,217.05,7168982843,23232101232
23-Jul-19,217.57,218.52,209.64,212.73,6976091534,22767023810
22-Jul-19,225.7,226.86,213.45,217.56,6338843919,23281138563
21-Jul-19,229.17,229.86,219.03,225.63,6685082868,24141704293
20-Jul-19,221.41,234.2,221.19,229.12,7976245988,24511869214
19-Jul-19,226.66,226.94,215.84,221.33,7606433131,23675884534
18-Jul-19,211.44,229.24,208.04,226.57,9327816059,24232572603
17-Jul-19,199.07,217.98,193.99,211.48,9387747640,22616651114
16-Jul-19,229.75,234.51,197.38,199.19,9036620494,21298941499
15-Jul-19,227.97,235.03,210.39,229.78,9723674244,24566488597
14-Jul-19,269.28,269.64,227.27,227.58,8578339386,24328422207
13-Jul-19,276.29,276.69,263.07,269.46,6716829429,28801816023
12-Jul-19,268.69,278.86,268,276.28,8148936015,29526802979
11-Jul-19,289.95,290.02,266.09,268.7,10216287022,28713849048
10-Jul-19,308.85,313.07,285.57,290,11679985167,30985827113
9-Jul-19,313.33,318.22,305.29,308.88,10055159803,32998749928
8-Jul-19,305.73,314.27,303.5,313.25,9078905628,33461369498
7-Jul-19,287.6,310.14,286.11,305.7,8119724981,32650611906
6-Jul-19,287.89,295.99,286.67,287.55,7674615025,30707785756
5-Jul-19,284.38,293.92,282.69,288,8723493015,30751916427
4-Jul-19,303.03,303.96,282.77,284.52,8403513106,30377082394
3-Jul-19,291.76,303.34,291.4,303.1,9926711979,32356299765
2-Jul-19,293.54,295.66,272.6,291.6,10618413952,31124332021
1-Jul-19,290.27,301.03,280.02,293.64,10292223948,31338571563
30-Jun-19,319.58,322.79,290.7,290.7,10303111000,31020295932
29-Jun-19,311.28,322.04,294.75,320.06,10929374565,34149263832
28-Jun-19,294.14,313.03,292.94,311.23,11514656820,33202586960
27-Jun-19,336.96,343.43,278.57,294.27,14038092503,31389390615
26-Jun-19,317.99,361.4,315.95,336.75,16437084081,35916727561
25-Jun-19,310.68,318.13,307.64,318.13,9641764965,33925713000
24-Jun-19,307.72,312.33,299.56,310.42,8205712062,33100160024
23-Jun-19,309.42,318.57,305.76,307.83,8161062380,32819043043
22-Jun-19,295.12,315.19,294.73,309.38,10613731255,32980338717
21-Jun-19,271.74,295.3,271.74,294.91,9331694140,31433771859
20-Jun-19,269.41,274.07,265.5,271.7,6408981097,28955655290
19-Jun-19,265.06,270.33,264.75,269.43,5516510947,28710780975
18-Jun-19,274.32,274.32,263.14,265.05,6205242504,28240458529
17-Jun-19,269.09,275.44,268.35,274.35,6009795781,29227567867
16-Jun-19,268.9,278.14,265.54,269.22,9676746453,28677606760
15-Jun-19,263.93,271.51,262.12,269.02,8126853944,28652203067
14-Jun-19,256.18,265.37,254.15,264.09,8676891267,28123338884
13-Jun-19,260.91,262.16,255.6,256.17,8442077836,27276572627
12-Jun-19,245.93,261.02,244.49,260.9,8645598618,27777154177
11-Jun-19,247.86,248.66,239.83,245.78,7382269700,26163906569
10-Jun-19,232.83,247.66,229.34,247.52,8141159848,26345596475
9-Jun-19,245.54,245.97,229.26,233.09,7566421456,24806123509
8-Jun-19,251.25,252.38,243.23,245.74,7225996863,26149221979
7-Jun-19,249.34,254.35,246.6,250.93,8379534528,26698353830
6-Jun-19,246.93,249.94,238.5,249.47,8265146806,26540057659
5-Jun-19,241.5,248.14,239.98,247.05,8548917062,26278874480
4-Jun-19,252.51,252.51,236.13,241.34,10132549747,25667971281
3-Jun-19,270.09,270.33,251.26,252.61,9375712917,26863086906
2-Jun-19,265.51,272.81,265.04,270.23,8744111713,28732949885
1-Jun-19,268.43,273.56,263.52,265.39,9942869852,28215330784
31-May-19,256.02,268.66,249.11,268.11,11255023515,28501098831
30-May-19,269.55,287.2,247.35,255.86,13604268584,27194892741
29-May-19,271.78,273.76,263.09,269.46,9819132174,28636457373
28-May-19,272.59,274.32,267.51,271.77,10362846898,28878512607
27-May-19,267.14,278.51,265.44,272.86,12074664736,28991071396
26-May-19,251.72,269.17,247.25,267.07,9664267731,28371943145
25-May-19,249.69,257.36,249.09,251.76,8924985385,26742086786
24-May-19,245.99,255.26,243.24,249.48,9929433206,26497014858
23-May-19,244.67,247.62,233.79,245.97,10671663487,26119891327
22-May-19,255,258.8,242.73,244.7,9818257463,25982060192
21-May-19,251.65,262.11,248.2,255.22,11545049593,27095257004
20-May-19,261.27,261.55,241.8,251.86,10834541285,26736046292
19-May-19,234.45,263.74,233.76,261.29,12049250894,27733299057
18-May-19,243.91,246.36,233.1,234.6,10933142646,24896520187
17-May-19,263.85,266.98,227.77,243.76,16037551694,25866318005
16-May-19,246.94,275.39,245.8,264.01,18661465873,28010958253
15-May-19,217.01,247.45,216.82,247.15,13460006534,26219111162
14-May-19,196.74,217.87,196.05,217.15,12751049755,23033114137
13-May-19,187.42,205.1,185.31,196.85,10367149039,20876934045
12-May-19,194.16,201.88,183.65,187.33,10326050090,19864635091
11-May-19,173.14,203.47,173.14,194.3,12578331654,20602050120
10-May-19,170.31,175.89,168.99,173.14,8036919053,18355936406
9-May-19,170.95,172.88,167.25,170.29,6546914198,18051087500
8-May-19,169.9,172.18,166.41,170.95,6416569598,18118602844
7-May-19,172.43,180.39,169.69,169.8,8411140170,17994460619
6-May-19,163.34,175.76,159.99,172.65,7540096853,18294624766
5-May-19,164.02,165.4,159.7,163.45,5938415562,17317292591
4-May-19,167.89,170.65,161.79,164.03,6658100049,17376070198
3-May-19,162.08,170.07,161.08,167.95,7299410672,17789626262
2-May-19,160.85,162.94,160.06,162.12,6044171062,17169962760
1-May-19,162.19,164.06,159.66,160.82,5789172433,17029616915
30-Apr-19,155.17,162.43,155.17,162.17,6275803460,17170110493
29-Apr-19,157.29,158.33,153.19,155.2,6053776253,16430642271
28-Apr-19,158.5,159.57,157.13,157.3,5379894433,16650076837
27-Apr-19,156.27,160.59,155.62,158.43,5863109118,16768575998
26-Apr-19,154.58,158.03,152.09,156.35,7505283355,16545462357
25-Apr-19,165.91,166.51,153.85,154.46,6820332362,16343573973
24-Apr-19,171.35,171.57,161.98,165.83,7351304156,17544029659
23-Apr-19,172.01,176.85,170.9,171.45,7097827092,18136462572
22-Apr-19,170.02,173.07,168.73,171.87,6094878077,18179292263
21-Apr-19,173.72,174.42,167.43,170.05,6005571688,17983602095
20-Apr-19,173.72,176.71,171.79,173.75,6142567812,18373023202
19-Apr-19,173.79,173.98,170.62,173.71,6541053061,18366130180
18-Apr-19,166.91,175.37,166.67,173.81,6971581464,18374913022
17-Apr-19,167.55,168.94,165.5,166.95,5596102715,17647086048
16-Apr-19,161.53,167.67,160.89,167.62,5180105341,17715913572
15-Apr-19,167.9,168.82,159.56,161.57,5672311824,17074367783
14-Apr-19,164.48,168.59,162.78,167.84,4846298303,17734050269
13-Apr-19,164.62,166.36,163.01,164.51,4959301561,17380468169
12-Apr-19,165.34,166.13,161.03,164.74,6237185309,17401765647
11-Apr-19,177.34,177.49,162.32,165.5,7859383417,17479876008
10-Apr-19,176.07,183.13,175.23,177.34,7856924879,18728058767
9-Apr-19,180.22,180.25,175.09,176.11,7632529578,18596496042
8-Apr-19,174.45,184.38,174.16,180.26,9304964610,19031640376
7-Apr-19,165.98,175.21,164.93,174.53,7596176020,18424576820
6-Apr-19,165.51,172.52,161.8,165.95,7167016221,17516082778
5-Apr-19,158.02,167.22,157.44,165.51,7531316908,17468192986
4-Apr-19,161.43,164.93,155.24,158.05,7953123529,16678477300
3-Apr-19,164.01,178.32,157.32,161.46,10622456246,17035703564
2-Apr-19,141.84,165.23,141.64,163.96,9826645698,17297572365
1-Apr-19,141.47,142.73,140.74,141.83,4611999536,14960828861
31-Mar-19,142.14,142.19,140.7,141.51,4249050197,14925533137
30-Mar-19,142.36,149.61,141.03,142.09,5144662127,14984615423
29-Mar-19,139.34,142.55,138.05,142.5,5125602702,15025361637
28-Mar-19,141.01,141.01,138.43,139.42,4163212475,14698609599
27-Mar-19,135.45,141.08,135.34,140.99,5228240093,14862394451
26-Mar-19,135.05,135.46,133.76,135.46,4499271679,14277816266
25-Mar-19,137.08,137.7,133.49,135.03,4480516753,14230733149
24-Mar-19,138.32,138.38,136.31,136.99,4266845458,14434995337
23-Mar-19,137.04,139.39,136.91,138.24,4436568613,14565143357
22-Mar-19,136.56,138.79,136.23,137.18,4490899266,14451740115
21-Mar-19,140.48,141,135.86,136.64,5087247796,14392427839
20-Mar-19,140.48,140.95,138.31,140.69,4664134462,14817151375
19-Mar-19,139.25,140.99,139.14,140.52,4251488129,14797612389
18-Mar-19,140.1,142.27,138.84,139.37,4551739879,14675181094
17-Mar-19,142.24,142.37,139.32,140,3827157729,14739201597
16-Mar-19,137.91,144.56,137.91,142.4,4839003569,14989691491
15-Mar-19,133.57,138.4,133.57,137.69,4506861856,14492364551
14-Mar-19,133.2,135.18,132.75,133.71,4476532147,14071628064
13-Mar-19,134.61,134.61,132.72,133.26,4265162099,14022610219
12-Mar-19,134.01,135.27,130.94,134.44,4709988000,14144929392
11-Mar-19,136.85,137.35,133.1,133.83,4689807419,14079044648
10-Mar-19,138.18,138.27,135.69,136.76,4578438499,14384860876
9-Mar-19,134.89,139.12,134.68,137.97,5011918715,14509873018
8-Mar-19,138.31,139.5,133.56,135.13,4678816794,14209542041
7-Mar-19,138.94,140.86,137.27,138.03,4339206292,14513398954
6-Mar-19,137.96,139.97,136.15,138.79,4589054219,14590867639
5-Mar-19,127.79,138.23,126.74,137.82,4764849990,14492117352
4-Mar-19,132.16,132.73,125.4,127.77,4008171341,13432896659
3-Mar-19,134.79,135.85,131.33,132.25,3454374053,13900679027
2-Mar-19,136.35,137.18,132.44,134.21,3747176425,14103698392
1-Mar-19,136.84,139,136.43,136.44,3756124824,14335957425
28-Feb-19,136.28,138.85,135.66,136.75,4535438953,14365118213
27-Feb-19,138.03,141.34,131.6,136.13,4469776860,14298070644
26-Feb-19,139.65,139.98,136.58,138.09,3791292839,14502464167
25-Feb-19,135.5,142.53,135.48,139.82,4914392068,14682597926
24-Feb-19,158.9,165.55,135.85,135.85,5957715043,14263873721
23-Feb-19,148.68,159.13,147.33,158.8,4519468458,16670632412
22-Feb-19,146.07,149.27,145.21,149.09,3731099284,15649961167
21-Feb-19,149.35,149.35,144.56,146.13,3995766856,15337145738
20-Feb-19,145.17,149.55,142.5,149.55,4500094965,15694462393
19-Feb-19,146.4,149.93,145.13,145.35,5310842625,15250901019
18-Feb-19,133.03,147.69,133,146.1,5387525773,15327852479
17-Feb-19,123.18,134.46,123.09,133.6,4236081130,14014695490
16-Feb-19,122.4,124.13,122.3,123.26,2905833287,12928550184
15-Feb-19,121.45,123.66,121.37,122.1,3021741615,12805280766
14-Feb-19,122.42,124.45,121.33,121.39,3331701628,12729213675
13-Feb-19,122.54,125.55,121.61,122.55,3386585799,12849605819
12-Feb-19,121.18,123.47,119.6,122.57,3149576429,12849965121
11-Feb-19,124.87,124.87,120.31,121.3,3222473887,12714795026
10-Feb-19,119.41,124.85,117.11,124.81,3148766590,13080881910
9-Feb-19,119.21,120.69,118,119.43,2884650400,12515870173
8-Feb-19,104.65,119.81,104.19,119.27,3656841347,12496945336
7-Feb-19,104.84,106.06,104.41,104.54,2326764622,10951652648
6-Feb-19,107.57,107.57,102.93,104.92,2593048199,10990266833
5-Feb-19,107.63,108.13,106.91,107.44,2515863999,11253035388
4-Feb-19,107.63,108.7,107.07,107.82,2491888675,11290969364
3-Feb-19,110.49,110.83,106.56,107.49,2519334757,11254870706
2-Feb-19,107.47,110.65,106.76,110.43,2385157838,11560765573
1-Feb-19,107.15,108.64,105.05,107.61,2541271519,11263815610
31-Jan-19,108.9,110.46,106.53,107.06,2828796031,11204735502
30-Jan-19,105.41,109.45,104.84,108.91,2874370355,11396282341
29-Jan-19,106.72,107.17,104,105.6,2900418606,11048347342
28-Jan-19,113.29,113.69,103.34,106.59,3366895505,11150461958
27-Jan-19,116.51,116.69,113.41,113.41,2775888287,11861671822
26-Jan-19,116.37,118.08,115.98,116.49,2412181169,12182338148
25-Jan-19,117.59,117.8,115.83,116.38,2606881898,12168932300
24-Jan-19,117.46,118.03,116.01,117.36,2520843420,12269992351
23-Jan-19,118.71,119.42,116.38,117.45,2556952198,12277481872
22-Jan-19,117.11,119.66,114.68,118.75,2552507405,12410972241
21-Jan-19,119.64,119.72,116.16,117.16,2421720343,12242940197
20-Jan-19,124.63,125.07,118.7,119.47,2964108269,12483136112
19-Jan-19,121.61,125.9,121.16,124.52,3048261797,13007954846
18-Jan-19,123.65,123.84,120.24,121.01,2305389800,12639234713
17-Jan-19,123.57,124.27,120.82,123.74,2594091285,12922347330
16-Jan-19,121.81,127.12,121.44,123.55,2746469340,12899812275
15-Jan-19,129.17,130.74,120.31,122.03,2735449164,12739543688
14-Jan-19,116.98,130.86,116.97,129.07,2798085735,13471754802
13-Jan-19,125.91,126.27,116.09,116.9,2268263944,12199288487
12-Jan-19,127.53,128.67,125.45,125.97,2212109224,13143426379
11-Jan-19,127.81,130.17,125.24,127.55,2667585234,13306214134
10-Jan-19,150.84,152.15,126.53,128.63,3397734456,13416263931
9-Jan-19,150.55,153.62,150.29,150.8,2369241197,15726845711
8-Jan-19,151.97,153.63,148.67,150.36,2459808140,15677889902
7-Jan-19,157.81,158.45,151.15,151.7,2712108388,15814868678
6-Jan-19,155.8,159.37,152.09,157.75,3231294371,16442429109
5-Jan-19,154.34,160.82,154.34,155.64,3338211928,16219974745
4-Jan-19,148.91,156.88,147.91,154.58,3126192535,16107068093
3-Jan-19,155.2,155.86,147.2,149.14,2676164880,15536849936
2-Jan-19,141.52,156.93,140.65,155.05,3328240369,16150049902
1-Jan-19,133.42,141.4,132.65,140.82,2258709868,14665318370
31-Dec-18,140.03,140.18,132.52,133.37,2358360234,13886837730
30-Dec-18,137.63,140.69,133.98,139.86,2660086834,14560066114
29-Dec-18,138.47,147.03,134.57,138.02,3169029972,14365797196
28-Dec-18,116.9,137.65,115.69,137.65,3130201009,14324511544
27-Dec-18,131.92,132.68,115.65,116.58,2612804378,12129493222
26-Dec-18,129.89,136.68,126.29,131.87,2720469126,13717858346
25-Dec-18,141,141,125.11,129.84,3298280609,13505089290
24-Dec-18,130.64,157.67,130.64,140.24,4370343387,14583457939
23-Dec-18,117.27,133.08,117.27,130.77,3579715061,13595887732
22-Dec-18,109.46,116.76,107.5,116.76,2338772939,12137481655
21-Dec-18,115.84,119.09,107.58,109.5,2632539990,11380357569
20-Dec-18,101.09,117.17,100.64,116.22,3063842618,12076674310
19-Dec-18,101.68,108.55,100.69,101.27,2456482115,10521416481
18-Dec-18,95.11,101.32,92.97,101.11,2277514076,10503295749
17-Dec-18,85.38,96.81,85.38,95.13,2101453024,9880456239
16-Dec-18,84.47,87.57,84.47,85.26,1565817037,8853567311
15-Dec-18,84.28,85.34,82.83,84.44,1496176898,8766638124
14-Dec-18,86.63,87.14,83.23,84.31,1651491877,8751209554
13-Dec-18,90.66,91.11,85.52,86.54,1754475622,8981108543
12-Dec-18,88.61,92.24,88.26,90.59,1533050103,9400044026
11-Dec-18,91.58,92.78,87.69,88.95,1707497898,9227301064
10-Dec-18,94.99,96.26,90.65,91.69,1756437577,9509816315
9-Dec-18,92.04,98.9,91.03,95.14,1875567180,9866414732
8-Dec-18,93.41,97.06,86.83,92.16,1855759401,9555327946
7-Dec-18,91.65,96.09,83.47,93.29,2554304530,9671177427
6-Dec-18,102.45,104.1,91.76,91.76,2310716932,9510417097
5-Dec-18,110.34,110.6,102.48,102.48,1990157607,10618884099
4-Dec-18,108.8,113.14,107.4,110.21,1748116495,11418617063
3-Dec-18,116.38,116.62,107.42,108.93,1772756193,11282911404
2-Dec-18,118.27,120.56,116.09,116.39,1856199149,12053770487
1-Dec-18,113.4,120.84,111.62,118.64,2131475768,12284117522
30-Nov-18,117.73,119.42,111.74,113.17,2020748396,11716096076
29-Nov-18,122.72,123.23,115.3,117.54,2196099151,12166285642
28-Nov-18,110.2,126.05,110.2,122.44,2673470000,12670491119
27-Nov-18,107.91,111.84,102.45,110.01,2320010000,11382216773
26-Nov-18,116.34,118.2,104.89,108.34,2139490000,11206775318
25-Nov-18,113.13,118.88,101.77,116.45,2466750000,12043900588
24-Nov-18,123.3,126.79,110.83,113.49,1800960000,11735901799
23-Nov-18,126.42,127.03,119.56,123.3,1998010000,12747016419
22-Nov-18,136.81,137.74,126.71,126.71,1792150000,13097009562
21-Nov-18,131.14,138.89,125.76,136.7,2685930000,14127420909
20-Nov-18,148.81,151.25,126.36,130.34,3134410000,13467303239
19-Nov-18,177.18,177.18,147.85,149.18,2745160000,15410551811
18-Nov-18,174.18,179.15,174.18,177.07,1810920000,18288411984
17-Nov-18,175.36,175.85,172.87,174,1832800000,17968221715
16-Nov-18,180.87,181.35,173.13,175.18,2015330000,18086156169
15-Nov-18,181.9,184.25,170.19,180.81,2638410000,18663659629
14-Nov-18,206.53,207.05,174.08,181.4,2595330000,18721032761
13-Nov-18,210.15,210.52,206.14,206.83,1610260000,21341261802
12-Nov-18,211.51,212.62,208.92,210.42,1452380000,21707637540
11-Nov-18,212.48,213,208.87,211.34,1501600000,21798464881
10-Nov-18,209.98,213.86,209.81,212.53,1377760000,21917195708
9-Nov-18,211.99,213.32,209.52,210.07,1554750000,21659329261
8-Nov-18,217.33,218.34,212.2,212.23,1769080000,21877424057
7-Nov-18,218.9,221.65,216.8,217.18,1927830000,22383497662
6-Nov-18,209.47,218.45,207.89,218.45,1856940000,22445690692
5-Nov-18,207.1,210.82,206.57,209.09,1613510000,21540996877
4-Nov-18,200.16,211.27,198.99,207.49,1749300000,21371416840
3-Nov-18,200.74,200.74,199.53,200.19,1307150000,20615439151
2-Nov-18,198.98,201.27,198.76,200.64,1451870000,20657629735
1-Nov-18,197.54,203.75,197.33,198.87,1336700000,20472105764
31-Oct-18,197.65,198.34,196.53,197.38,1442380000,20314628127
30-Oct-18,197.2,198.12,196.35,197.56,1363500000,20328580026
29-Oct-18,205.17,205.6,195.73,197.25,1517230000,20292811278
28-Oct-18,204.51,205.92,203.52,205.37,1139140000,21123907349
27-Oct-18,203.36,206.08,203.13,204.21,1084810000,21000852987
26-Oct-18,202.34,204.78,201.55,203.33,1161310000,20906130835
25-Oct-18,203.87,204.13,201.82,202.72,1102900000,20839259066
24-Oct-18,204.13,205.58,203.35,203.85,1102220000,20951603018
23-Oct-18,204.02,205.15,201.91,204.34,1237490000,20997181867
22-Oct-18,205.17,206.93,203.38,204.04,1328980000,20962977292
21-Oct-18,205.39,208.16,204.62,205.14,1190300000,21071630786
20-Oct-18,203.52,206.22,203.09,205.43,1238780000,21097037289
19-Oct-18,203.26,204.66,201.84,203.73,1264480000,20917973393
18-Oct-18,207.4,208.47,201.74,203.35,1365860000,20875341345
17-Oct-18,210.22,211.13,205.93,207.08,1444130000,21254117736
16-Oct-18,209.63,212.17,207.98,210.12,1532280000,21561538445
15-Oct-18,195.27,222.12,194.16,209.7,2865830000,21514574462
14-Oct-18,199.69,201.83,195.24,195.72,1169260000,20075397007
13-Oct-18,196.36,201.28,196.36,199.84,1167610000,20494529773
12-Oct-18,188.71,199.4,188.71,196.73,1487900000,20171157774
11-Oct-18,225.61,225.61,189.28,189.5,2167620000,19426181717
10-Oct-18,227.62,227.71,224.5,225.77,1384040000,23139713070
9-Oct-18,229.71,230.16,226.4,227.98,1405130000,23361891401
8-Oct-18,226.51,230.77,224.56,229.26,1470740000,23487673000
7-Oct-18,225.44,226.37,223,226.12,1470480000,23161767973
6-Oct-18,227.55,227.93,224.25,225.12,1505070000,23054817089
5-Oct-18,222.27,228.32,220.96,227.6,1547330000,23304234601
4-Oct-18,220.45,226.15,220.09,222.22,1479500000,22748580859
3-Oct-18,226.41,226.46,213.97,220.49,1683930000,22567089086
2-Oct-18,231.1,231.17,225.84,227.18,1542080000,23247403474
1-Oct-18,233.22,234.15,226.95,230.77,1597500000,23609728018
30-Sep-18,231.33,236.99,228.45,232.85,1765560000,23817805502
29-Sep-18,221.71,234.01,216.08,231.64,2208720000,23688983896
28-Sep-18,229.04,231.75,218.67,222.4,2018120000,22740233568
27-Sep-18,215.44,230.61,212.65,228.49,2030320000,23358464739
26-Sep-18,218.65,221.44,209.11,215.85,1756100000,22061164303
25-Sep-18,228.33,228.33,206.49,218.51,2120360000,22328327983
24-Sep-18,244.84,245.11,227.49,228.73,1748740000,23368514475
23-Sep-18,240.99,247.46,237.86,244.33,1693470000,24957339670
22-Sep-18,247.34,251.2,233.81,240.48,1921820000,24559189741
21-Sep-18,225.25,248.39,221.57,246.58,2836200000,25177561991
20-Sep-18,210.29,224.82,207.79,224.59,1782070000,22927300808
19-Sep-18,209.47,213.87,201.66,209.97,1733330000,21430323331
18-Sep-18,197.1,213.36,195.93,209.98,1800640000,21426628309
17-Sep-18,221.58,224.26,195.31,197.88,2019910000,20187902505
16-Sep-18,222.8,222.8,211.12,220.59,1502260000,22500748646
15-Sep-18,209.81,226.6,209.61,223.07,1670490000,22749647321
14-Sep-18,212.67,222.79,204.87,211.75,2232190000,21590366996
13-Sep-18,183.68,214,183.68,211.35,2330720000,21545775837
12-Sep-18,185.42,185.59,170.26,183.33,1874850000,18685319378
11-Sep-18,198.18,198.51,180.6,185.07,1568900000,18858381966
10-Sep-18,197.85,201.88,189.58,197.08,1502960000,20078523984
9-Sep-18,198.39,207.67,188.31,196.92,1585980000,20058708800
8-Sep-18,217.91,220.37,193.26,197.95,1517200000,20159309964
7-Sep-18,229.54,233.9,217.08,217.2,1678260000,22115522904
6-Sep-18,231.65,231.76,218.12,230.22,2097310000,23435751842
5-Sep-18,286.05,288.16,232.33,232.33,2390390000,23646371777
4-Sep-18,289.3,291.58,284.26,285.72,1554870000,29074743101
3-Sep-18,295.18,295.59,287.43,289.26,1394490000,29428616901
2-Sep-18,295.45,298.69,290.93,294.37,1321050000,29942718225
1-Sep-18,283.5,301.14,283.5,295.34,1546630000,30035327410
31-Aug-18,284.12,284.55,278.51,283,1411910000,28774922508
30-Aug-18,289.75,291.24,275.21,284.11,1513100000,28881058148
29-Aug-18,296.16,297.07,287.29,289.31,1474460000,29404459725
28-Aug-18,286.65,297.4,283.57,296.5,1513350000,30128902937
27-Aug-18,275.35,285.6,273.65,285.6,1406790000,29015874948
26-Aug-18,279.53,279.53,272.44,275.2,1206650000,27953028997
25-Aug-18,283.28,283.52,278.47,279.65,1208360000,28399212923
24-Aug-18,278.11,283.3,273.86,282.97,1450170000,28730705349
23-Aug-18,271.75,279.55,271.09,277.1,1271160000,28129662664
22-Aug-18,281.97,297.49,265,271.34,1507660000,27539119679
21-Aug-18,273.33,285.97,273.33,281.94,1164120000,28609531323
20-Aug-18,301.38,304.37,273.51,274.32,1413790000,27829775231
19-Aug-18,295.67,307.1,291.33,300.83,1447910000,30514025774
18-Aug-18,316.79,320.45,286.55,295.81,1764020000,29998584852
17-Aug-18,287.68,316.17,287.35,315.73,1995460000,32011921283
16-Aug-18,282.74,298.48,280.93,288.05,1552970000,29199228646
15-Aug-18,280.39,303.59,280.12,282.36,1878150000,28617473116
14-Aug-18,286.37,286.37,254.65,278.93,2137850000,28263969132
13-Aug-18,320.21,323.55,284.93,286.5,1751190000,29024490503
12-Aug-18,320.82,328.59,318.6,319.57,1625420000,32368768332
11-Aug-18,334.26,334.26,308.49,322.11,1790370000,32619681420
10-Aug-18,365.78,367.05,329.59,334.18,1699400000,33834485092
9-Aug-18,356.97,370.95,353.61,365.59,1616610000,37007391031
8-Aug-18,379.89,380.67,353.73,356.61,2016080000,36091566801
7-Aug-18,406.8,411.41,376.08,380.22,1828350000,38472420233
6-Aug-18,410.57,414.54,403.32,406.66,1384880000,41139790462
5-Aug-18,407.35,413.72,402.43,410.52,1396820000,41521715110
4-Aug-18,418.24,420.19,403.78,407.25,1466540000,41183215694
3-Aug-18,412.57,420.55,399.91,418.26,1722340000,42287977978
2-Aug-18,420.81,425.03,410.31,412.62,1569300000,41709183608
1-Aug-18,433.87,435.46,410.46,420.75,1888060000,42521937218
31-Jul-18,457.25,457.25,430.44,433.87,1820680000,43839034237
30-Jul-18,466.83,467.95,448.64,457.08,2141590000,46175217427
29-Jul-18,466.92,470.36,462.71,466.67,1631910016,47133881666
28-Jul-18,469.68,471.59,462.99,466.9,1531890048,47147853886
27-Jul-18,464.01,473.22,458.29,469.67,1734259968,47417755376
26-Jul-18,472.33,483.7,461.42,464.04,1621560064,46839932193
25-Jul-18,479.91,482.87,466.47,472.49,1930780032,47683830874
24-Jul-18,451.14,481.14,450.57,479.37,2287520000,48368209917
23-Jul-18,459.44,469.77,449.73,450.85,1596999936,45481301491
22-Jul-18,462.44,470.9,458.12,459.66,1338589952,46360029757
21-Jul-18,450.68,468.08,445.78,462.44,1504310016,46630720739
20-Jul-18,469.31,469.31,443.69,450.7,1821350016,45437819522
19-Jul-18,480.63,483.24,465.14,469.62,2068739968,47335899963
18-Jul-18,500.84,513.43,474.36,480.51,2371559936,48424155624
17-Jul-18,480.08,508.78,468.92,501,2288100096,50478766285
16-Jul-18,450.42,480.66,446.8,480.66,1858680064,48419026521
15-Jul-18,435.88,454,433.92,449.85,1350160000,45306414380
14-Jul-18,434.51,439.43,431.47,436.09,1235820032,43911193561
13-Jul-18,430.74,442.36,430.74,434.03,1489670016,43694988769
12-Jul-18,446.5,446.5,422.81,430.07,1495440000,43288294177
11-Jul-18,434.52,447.32,429.51,446.52,1422470016,44934271235
10-Jul-18,476.16,478.32,433.96,434.42,1789069952,43708241775
9-Jul-18,488.88,490.85,475.17,476.68,1533799936,47950212027
8-Jul-18,492.07,503.2,488.42,489.12,1344560000,49191161178
7-Jul-18,474.06,491.66,466.84,491.66,1358360064,49436674025
6-Jul-18,474.36,479.65,457.61,474.01,1627609984,47652424064
5-Jul-18,467.29,483.23,464.63,474.41,1828610048,47682968020
4-Jul-18,464.15,481.44,455.18,467.32,1549769984,46960391871
3-Jul-18,475.39,483.85,462.58,464.2,1683939968,46637067239
2-Jul-18,453.82,479.13,447.11,475.35,1625789952,47747743959
1-Jul-18,455.24,457.14,446.39,453.92,1511730048,45585861718
30-Jun-18,436.21,458.8,436.21,455.18,1475939968,45703302056
29-Jun-18,422.59,441.79,407.95,436.01,1564499968,43769409548
28-Jun-18,442.29,443.62,419.68,422.36,1360790016,42391125054
27-Jun-18,432.24,444.24,424.84,442.36,1368940032,44389430889
26-Jun-18,460.73,461.21,432.77,432.77,1356560000,43417898248
25-Jun-18,455.94,470.34,448.9,460.31,4007950080,46171165114
24-Jun-18,474.77,475.36,426.47,457.67,2490579968,45897156207
23-Jun-18,466.27,479.13,462.39,474.52,1651379968,47577076102
22-Jun-18,527.19,527.19,456.88,465.82,2226030080,46694859628
21-Jun-18,536.45,543.72,524.26,527.37,1462070016,52853921455
20-Jun-18,538.51,541.02,519.37,536.27,1596290048,53735032875
19-Jun-18,519.02,542.35,516.31,537.96,1726569984,53893191559
18-Jun-18,499.38,521.8,494.07,518.89,1513869952,51972519171
17-Jun-18,499.46,507.64,498.65,500.45,1264870016,50114921288
16-Jun-18,490.41,503.22,488.85,499.64,1314109952,50024018701
15-Jun-18,520.48,521.3,487.47,491,1808269952,49149084090
14-Jun-18,478.38,523.54,467.47,519.74,2458650112,52015066663
13-Jun-18,498.02,501.9,459,477.49,2080130048,47777150787
12-Jun-18,532.71,538.96,491.23,496.84,1932760064,49702985162
11-Jun-18,524.86,536.86,515.27,533.28,1982119936,53337466294
10-Jun-18,594.34,594.34,511.89,526.48,2234880000,52645885461
9-Jun-18,600.91,608.58,597.56,597.56,1519309952,59741701633
8-Jun-18,605.44,608.81,595.59,601.08,1637779968,60080608858
7-Jun-18,607.69,616.14,601.69,605.19,1880140032,60478879395
6-Jun-18,610.26,611.64,596.4,607.12,1756530048,60659842641
5-Jun-18,593.41,611.33,580.98,609.3,1844269952,60864980395
4-Jun-18,619.44,623.43,583.75,592.98,1903430016,59222873880
3-Jun-18,591.26,624.51,591.26,618.33,1832550016,61740821846
2-Jun-18,580.43,597.08,577.32,591.81,1880390016,59080880117
1-Jun-18,578.67,589.09,567.66,580.04,1945890048,57894350583
31-May-18,558.5,585.54,557.07,577.65,1985040000,57643138807
30-May-18,566.83,583.14,545.43,559.59,2053970048,55829809817
29-May-18,516.15,572.26,516.15,565.39,2330820096,56396587656
28-May-18,573.04,576.05,512.55,516.04,2356900096,51463146627
27-May-18,588.52,590.33,562.87,572.67,1788790016,57099072056
26-May-18,587.43,606.17,583.51,587.28,1694300032,58544016481
25-May-18,602.14,617.19,575.62,586.73,2110919936,58477440268
24-May-18,584.54,610.82,557.21,601.76,2791099904,59962094302
23-May-18,646.67,651.64,572.95,583.59,2995429888,58139666822
22-May-18,700.18,700.98,644.03,647.74,2230469888,64517663406
21-May-18,717.19,719.28,692.49,699.22,2005170048,69631032596
20-May-18,697.92,723.75,692.67,715.37,2156910080,71224213260
19-May-18,695.07,715.58,686.79,696.53,2021549952,69334147807
18-May-18,672.1,695.03,663.81,694.37,2305740032,69104455849
17-May-18,708.72,718.83,668.83,672.66,2350619904,66929938612
16-May-18,708.09,710.2,682.54,707.05,2476130048,70337446111
15-May-18,731.14,739.05,700.99,708.87,2523069952,70504110201
14-May-18,732.73,742.17,695.79,730.55,3005110016,72645181706
13-May-18,687.17,741.31,675.32,733.5,2362500096,72923278119
12-May-18,679.88,691.41,644.07,686.05,2668480000,68192028458
11-May-18,727.01,736.98,669.83,679.59,3290080000,67535702572
10-May-18,752.58,766.75,726.66,727.28,2748950016,72260117775
9-May-18,752.9,759.53,718.47,752.28,2877870080,74728439730
8-May-18,755.01,774.25,728.13,752.86,2920489984,74770813968
7-May-18,793.34,795.76,710.18,753.72,4316120064,74841655792
6-May-18,816.09,835.06,764.88,792.31,3105570048,78656662788
5-May-18,784.58,827.46,784.24,816.12,3035040000,81003446783
4-May-18,776.78,803.75,762.63,785.62,3533410048,77960306236
3-May-18,686.59,784.34,686.59,779.54,4210939904,77340839220
2-May-18,674.08,688.84,667.42,687.15,2822269952,68159979253
1-May-18,670.46,674.4,637.54,673.61,2678960128,66803233984
30-Apr-18,689.76,694.44,666.12,669.92,2853100032,66423712256
29-Apr-18,683.91,697.76,670.51,688.88,2740559872,68289153706
28-Apr-18,644.65,691.44,644.65,683.68,2496659968,67759208004
27-Apr-18,662.11,684.87,647.03,647.03,2598129920,64114105428
26-Apr-18,618.08,663.18,604.01,662.81,2984009984,65663946135
25-Apr-18,707.06,707.06,600.21,615.42,4216140032,60955966711
24-Apr-18,643.4,708.88,643.4,708.16,3581860096,70127342534
23-Apr-18,621.2,646.7,621.03,642.55,2386830080,63617020167
22-Apr-18,606.12,640.77,593.87,621.86,2426269952,61556034015
21-Apr-18,616,621.89,578.55,605.4,2612460032,59913832194
20-Apr-18,567.99,618.72,560.28,615.72,2849469952,60922818296
19-Apr-18,524.04,567.89,523.26,567.89,2256869888,56178772001
18-Apr-18,503.31,525.09,503.05,524.79,1762940032,51904227886
17-Apr-18,511.14,518.03,502.56,502.89,1760359936,49728519115
16-Apr-18,532.07,534.2,500.25,511.15,1758979968,50534185799
15-Apr-18,502.88,531.7,502.88,531.7,1726089984,52555419462
14-Apr-18,492.58,512.02,488.28,501.48,1519079936,49557725333
13-Apr-18,493.16,526.47,482.66,492.73,2419249920,48683660481
12-Apr-18,430.16,493.06,417.41,492.94,2519360000,48693844481
11-Apr-18,415.02,430.54,412.47,430.54,1439040000,42521044920
10-Apr-18,399.41,415.89,393.88,414.24,1196000000,40903130396
9-Apr-18,400.86,429.25,390.61,398.53,1478390016,39343018191
8-Apr-18,385.74,402.59,385.6,400.51,948488000,39530560784
7-Apr-18,370.38,393.06,369.94,385.31,951475008,38023057371
6-Apr-18,382.73,385.2,366.91,370.29,967105984,36532478896
5-Apr-18,379.95,387.72,369.82,383.23,1210680064,37802008408
4-Apr-18,416.48,417.47,375.31,380.54,1287730048,37528933631
3-Apr-18,387.31,418.97,383.53,416.89,1363399936,41105280498
2-Apr-18,379.7,395.17,377.59,386.42,1102259968,38093277842
1-Apr-18,397.25,400.53,363.8,379.61,1256930048,37413407420
31-Mar-18,395,418.47,392.95,396.46,1323920000,39066085342
30-Mar-18,385.9,409.93,368.63,394.64,1878130048,38879465944
29-Mar-18,448.08,450.81,385.81,385.97,1970230016,38016727209
28-Mar-18,450.29,466.21,444.86,446.28,1514179968,43948072321
27-Mar-18,489.59,491.46,449.97,450.12,1617939968,44316774118
26-Mar-18,524.29,526.38,470.44,489.95,1638880000,48228842327
25-Mar-18,522.7,535.82,515.66,524.29,1151170048,51598047955
24-Mar-18,542.57,545.38,526.08,526.44,1300009984,51799123912
23-Mar-18,539.86,540.49,512.13,539.62,1596349952,53084905906
22-Mar-18,562.1,577.57,523.09,539.7,1523459968,53082150649
21-Mar-18,559.1,589.61,550.57,561.73,1781270016,55237391316
20-Mar-18,556.72,567.09,521.2,557.17,1833680000,54777982164
19-Mar-18,546.63,558.1,519.12,556.73,2046790016,54722473140
18-Mar-18,551.64,551.64,460.09,538.64,2685499904,52934184182
17-Mar-18,601.68,609.15,549.1,552.78,1267810048,54312035489
16-Mar-18,611.78,623.17,587.86,601.67,1417350016,59103031871
15-Mar-18,614.84,620.62,579.51,611.3,1770460032,60037233577
14-Mar-18,691.22,702.78,594.1,614.29,1810560000,60318025226
13-Mar-18,698.15,713.73,682.35,690.83,1425959936,67819092121
12-Mar-18,724.41,742.51,683.27,699.83,1764999936,68688764839
11-Mar-18,685.31,735.83,668.12,723.34,1562680064,70981343639
10-Mar-18,730.16,748.03,682.7,686.89,1532960000,67390487259
9-Mar-18,702.2,729.16,648.11,728.92,2233019904,71498733754
8-Mar-18,752.57,773.77,696.17,704.6,1891640064,69098851661
7-Mar-18,816.27,825.61,726.55,752.83,2175419904,73813918307
6-Mar-18,853.82,853.82,809.93,816.95,1943069952,80083929891
5-Mar-18,866.85,869.92,853.52,853.68,1898489984,83667342992
4-Mar-18,856.19,867.95,840.28,866.68,1697939968,84923240778
3-Mar-18,856.71,868.45,855.21,857.22,1699369984,83979651073
2-Mar-18,871.76,876.38,852.42,856.85,1894419968,83925690001
1-Mar-18,856.01,880.3,851.92,872.2,1868519936,85410827047
28-Feb-18,877.93,890.11,855.12,855.2,1963980032,83728564149
27-Feb-18,870.36,896.26,867.1,878.27,2053980032,85968788108
26-Feb-18,845.28,880.39,842.32,869.32,2044480000,85074973200
25-Feb-18,839.46,853.15,822.38,844.81,1646960000,82659602549
24-Feb-18,861.59,879.53,818.55,840.52,1926579968,82222377928
23-Feb-18,811.59,886.32,794.79,864.19,2334820096,84520567485
22-Feb-18,849.26,875.93,802.67,812.84,2150370048,79482140044
21-Feb-18,894.14,912.38,830.56,849.97,2531729920,83095081059
20-Feb-18,943.57,965.27,892.95,895.37,2545260032,87514997546
19-Feb-18,921.67,957.78,921.55,943.86,2169019904,92235641556
18-Feb-18,973.35,982.93,915.45,923.92,2567290112,90267805476
17-Feb-18,944.75,976.59,940.75,974.11,2525720064,95151956513
16-Feb-18,934.79,950.01,917.85,944.21,2369449984,92211437654
15-Feb-18,923.73,951.95,911.11,936.98,2900100096,91485862822
14-Feb-18,844.28,926.43,844.28,923.56,2818370048,90157005929
13-Feb-18,869.29,870.71,828.84,845.26,2081170048,82496189206
12-Feb-18,817.51,875.94,817.51,868.71,2243450112,84767037716
11-Feb-18,859.29,859.29,788.22,814.66,2486650112,79476512347
10-Feb-18,882.47,917.4,825.58,860.41,2930530048,83922989198
9-Feb-18,818.48,884,788.83,883.86,2495820032,86191922699
8-Feb-18,755.84,845.09,755.84,817.81,3708189952,79733609806
7-Feb-18,790.43,851.2,723.43,757.07,3896179968,73796288509
6-Feb-18,707.74,796.44,574.42,793.12,6518269952,77294507868
5-Feb-18,834.96,856.65,644.6,697.95,4269530112,68005284183
4-Feb-18,964.67,969.03,805.06,834.68,2997090048,81310521832
3-Feb-18,919.21,991.94,847.69,964.02,3243480064,93890299032
2-Feb-18,1035.77,1035.77,757.98,915.78,6713290240,89173962074
1-Feb-18,1119.37,1161.35,984.82,1036.79,5261680128,100935354837
31-Jan-18,1071.09,1128.66,1034.5,1118.31,3757560064,108848638400
30-Jan-18,1184.13,1184.63,1058.97,1071.13,4107859968,104234481555
29-Jan-18,1246.7,1256.7,1169.08,1182.36,3715079936,115034583684
28-Jan-18,1111.78,1257.77,1111.78,1246.01,5372329984,121201618306
27-Jan-18,1055.75,1121.98,1042.12,1107.07,3002870016,107663911307
26-Jan-18,1052.7,1080.6,996.78,1055.17,3617690112,102595008990
25-Jan-18,1063.22,1104.66,1034.74,1056.03,4050190080,102657059605
24-Jan-18,987.48,1062.44,965.81,1058.78,3944039936,102902843882
23-Jan-18,1004.17,1023.23,920.54,986.23,3556699904,95831359552
22-Jan-18,1055.35,1089.1,930.74,1003.26,3810099968,97465684890
21-Jan-18,1155.68,1155.68,1021.5,1049.58,3378089984,101943726022
20-Jan-18,1044.95,1167.11,1044.95,1155.15,3975190016,112174461242
19-Jan-18,1028.82,1093.22,1003.71,1039.1,4084450048,100883462786
18-Jan-18,1016.44,1100.31,967.76,1036.28,5938319872,100588318055
17-Jan-18,1061.34,1090.23,780.92,1014.25,8545160192,98429091487
16-Jan-18,1292.63,1292.63,875.54,1053.69,8405139968,102231295311
15-Jan-18,1365.21,1390.59,1290.6,1291.92,4781100032,125319766537
14-Jan-18,1397.48,1400.56,1286.21,1366.77,4841630208,132554906162
13-Jan-18,1270.47,1432.88,1270.47,1396.42,5746760192,135400735922
12-Jan-18,1158.29,1296.04,1120.09,1273.2,5222300160,123426938667
11-Jan-18,1268.09,1337.3,1135.17,1154.93,7235899904,111937424561
10-Jan-18,1300.34,1417.38,1226.6,1255.82,9214950400,121689425203
9-Jan-18,1146,1320.98,1145.49,1299.74,7965459968,125917925182
8-Jan-18,1158.26,1266.93,1016.05,1148.53,8450970112,111244629093
7-Jan-18,1043.01,1153.17,1043.01,1153.17,5569880064,111670667774
6-Jan-18,995.15,1060.71,994.62,1041.68,4662219776,100852102738
5-Jan-18,975.75,1075.39,956.33,997.72,6683149824,96574936368
4-Jan-18,961.71,1045.08,946.09,980.92,6502859776,94924308783
3-Jan-18,886,974.47,868.45,962.72,5093159936,93146829617
2-Jan-18,772.35,914.83,772.35,884.44,5783349760,85552984077
1-Jan-18,755.76,782.53,742,772.64,2595760128,74724233458
31-Dec-17,712.21,760.35,710.12,756.73,2554269952,73170170967
30-Dec-17,753.82,753.82,685.23,717.26,3187780096,69338470696
29-Dec-17,740.39,770.12,729.61,753.59,2648969984,72835328712
28-Dec-17,762.21,763.32,701.19,737.02,2389149952,71219054808
27-Dec-17,774.97,789.25,738.41,762.84,2100029952,73698377070
26-Dec-17,763.37,786.79,760.93,773.84,2201159936,74744613931
25-Dec-17,698.87,782.52,698.87,765.83,2491760128,73955757349
24-Dec-17,721.77,721.77,614.92,694.15,2300549888,67019237420
23-Dec-17,681.32,763.9,679.73,719.39,2480339968,69441297649
22-Dec-17,822.64,827.68,543.76,674.86,4977710080,65129109277
21-Dec-17,820.24,880.54,792.69,821.06,3569060096,79221896341
20-Dec-17,827.52,845.06,756,819.09,3969939968,79014430828
19-Dec-17,793.9,881.94,785.34,826.82,4096549888,79743740362
18-Dec-17,721.73,803.93,689.23,794.65,3249230080,76623897492
17-Dec-17,696.24,735.83,696.24,719.97,2147389952,69409025338
16-Dec-17,686.19,718.39,680.79,696.21,2165690112,67103695920
15-Dec-17,696.38,697.13,621.06,684.45,2758710016,65956174321
14-Dec-17,700.59,753.12,664.99,695.82,3821580032,67036917107
13-Dec-17,644.91,747.99,597.8,702.77,4524539904,67692231422
12-Dec-17,522.29,657.32,504.49,651.43,5179829760,62733982232
11-Dec-17,440.36,516.97,439.1,515.14,1771440000,49597927198
10-Dec-17,472.79,472.79,429.51,441.72,1404179968,42520479602
9-Dec-17,457.34,504.15,456.25,473.5,2003849984,45570080683
8-Dec-17,434.99,466.06,422.37,456.03,2336379904,43879256076
7-Dec-17,426.37,441.4,414.41,434.41,2129570048,41789848007
6-Dec-17,462.6,462.71,420.21,428.59,1998259968,41220997942
5-Dec-17,470.29,473.56,457.66,463.28,1216720000,44548159326
4-Dec-17,466.05,474.78,453.31,470.2,1005550016,45204145125
3-Dec-17,463.7,482.81,451.85,465.85,990556992,44776362724
2-Dec-17,466.85,476.24,456.65,463.45,943649984,44535863933
1-Dec-17,445.21,472.61,428.31,466.54,1247879936,44823457369
30-Nov-17,431.21,465.5,401.24,447.11,1903040000,42947937239
29-Nov-17,473.28,522.31,425.07,427.52,2675940096,41057383009
28-Nov-17,480.52,482.48,466.35,472.9,1346499968,45405717909
27-Nov-17,471.53,493.4,468.48,480.36,1396480000,46111561438
26-Nov-17,465.97,472.72,451.61,471.33,1197779968,45235644662
25-Nov-17,475.68,485.19,461.05,466.28,1422080000,44741093552
24-Nov-17,412.5,480.97,402.76,474.91,2292829952,45560021462
23-Nov-17,381.44,425.55,376.09,410.17,1845680000,39340408036
22-Nov-17,360.31,381.42,360.15,380.65,800819008,36501878925
21-Nov-17,367.44,372.47,350.69,360.4,949912000,34552559750
20-Nov-17,354.09,372.14,353.29,366.73,807027008,35151847933
19-Nov-17,347.4,371.29,344.74,354.39,1181529984,33961430090
18-Nov-17,331.98,349.62,327.69,347.61,649638976,33305160559
17-Nov-17,330.17,334.96,327.52,332.39,621732992,31840349187
16-Nov-17,333.44,336.16,323.61,330.92,797254016,31692795453
15-Nov-17,337.96,340.91,329.81,333.36,722665984,31919060540
14-Nov-17,316.76,340.18,316.76,337.63,1069680000,32321383639
13-Nov-17,307.02,328.42,307.02,316.72,1041889984,30312834756
12-Nov-17,314.69,319.15,298.51,307.91,1613479936,29463540579
11-Nov-17,298.59,319.45,298.19,314.68,842300992,30105285828
10-Nov-17,320.67,324.72,294.54,299.25,885985984,28623188738
9-Nov-17,308.64,329.45,307.06,320.88,893249984,30685584327
8-Nov-17,294.27,318.7,293.1,309.07,967955968,29549552409
7-Nov-17,298.57,304.84,290.77,294.66,540766016,28165778801
6-Nov-17,296.43,305.42,293.72,298.89,579358976,28564296472
5-Nov-17,300.04,301.37,295.12,296.26,337657984,28307052341
4-Nov-17,305.48,305.48,295.8,300.47,416479008,28702737365
3-Nov-17,288.5,308.31,287.69,305.71,646339968,29197317355
2-Nov-17,290.73,293.91,281.17,287.43,904900992,27445442368
1-Nov-17,305.76,306.4,290.58,291.69,553864000,27846764494
31-Oct-17,307.38,310.55,305.88,305.88,369583008,29194751985
30-Oct-17,304.78,310.5,304.35,307.75,331441984,29367079933
29-Oct-17,296.38,313.76,296.38,305.09,551752000,29106827254
28-Oct-17,297.92,300.36,293.58,296.3,264424000,28262202960
27-Oct-17,296.51,299.26,294.06,297.42,257168992,28363439564
26-Oct-17,298.02,301.07,295.22,296.53,270272992,28271925666
25-Oct-17,298.44,301.85,290.72,297.92,325040000,28399185652
24-Oct-17,287.12,311.96,282.66,298.33,684281024,28431576038
23-Oct-17,295.1,295.75,277.58,286.95,482336000,27341319876
22-Oct-17,300.55,305.5,292.81,295.45,327387008,28144794782
21-Oct-17,303.57,303.93,291.77,300.19,408014016,28590314194
20-Oct-17,308.05,311.44,303.49,304.01,396672992,28947916800
19-Oct-17,314.54,316.71,305.83,308.09,349830016,29330304837
18-Oct-17,316.94,317.24,290.64,314.32,606113984,29917084625
17-Oct-17,333.48,333.48,311.79,317.08,509924000,30173609812
16-Oct-17,336.71,349.35,332.04,333.38,692884992,31718200756
15-Oct-17,339.53,342.72,320.43,336.6,635406976,32018244067
14-Oct-17,338.85,347.98,334.7,339.63,516561984,32301459659
13-Oct-17,304.08,348.6,299.66,338.76,1304359936,32213441854
12-Oct-17,303.5,309.15,303.29,304.14,527556992,28916525240
11-Oct-17,301.18,304.39,299.1,303.46,264146000,28847211568
10-Oct-17,297.6,306.15,293.17,299.87,359705984,28501667385
9-Oct-17,308.67,309.31,288.18,297.39,559467008,28261533648
8-Oct-17,311.06,312.54,308.03,308.61,293167008,29322710612
7-Oct-17,308.89,313.13,304.98,311.12,342204992,29557048403
6-Oct-17,295.15,308.84,294.95,308.59,318664000,29311483315
5-Oct-17,292.77,298.04,288.84,295.86,253747008,28098336333
4-Oct-17,292.75,299.39,290.89,292.66,257906000,27789444567
3-Oct-17,297.48,300.11,288.13,292.46,321680000,27766443809
2-Oct-17,302.48,302.92,294.58,297.48,339443008,28237763674
1-Oct-17,301.55,303.19,295.06,302.34,306184992,28694730559
30-Sep-17,291.48,303.96,291.11,301.46,332439008,28607406298
29-Sep-17,299.12,299.92,279.77,291.47,541374976,27654290280
28-Sep-17,306.47,307.2,295.47,299.15,501894016,28379292201
27-Sep-17,287.02,308.02,286.82,306.47,550243968,29068342956
26-Sep-17,292.35,293.75,287.02,287.44,345800992,27259015800
25-Sep-17,282.22,293.52,281.88,292.33,483160992,27718684465
24-Sep-17,286.21,292.95,278.13,282.48,571411008,26780610986
23-Sep-17,264.6,286.17,261.12,286.17,450934016,27125537826
22-Sep-17,258.11,270.54,256.22,264.31,430080992,25049676632
21-Sep-17,283.26,286.61,255.02,258.58,601265984,24502550354
20-Sep-17,282.02,290.89,278.05,283.74,421404000,26881372918
19-Sep-17,293.66,295.77,274.48,282.8,646908992,26787085258
18-Sep-17,252.23,293.5,252.23,293.5,1127750016,27794233413
17-Sep-17,245.85,257,235.24,251.75,427452000,23835888183
16-Sep-17,250.87,262.59,238.22,246.52,711737024,23336257868
15-Sep-17,215.22,258.65,195.04,250.46,1935699968,23704566170
14-Sep-17,276.59,280.84,213.91,213.91,1184589952,20240633669
13-Sep-17,291.12,291.12,260.61,277.11,921692032,26215830135
12-Sep-17,294.63,311.2,287.23,291.46,753144000,27568017613
11-Sep-17,289.74,300.69,286.68,294.53,571307008,27852586150
10-Sep-17,294.06,294.76,268.97,288.75,698326016,27300089799
9-Sep-17,296.17,299.89,287.22,294.4,528620992,27829435118
8-Sep-17,329.64,329.64,285.16,296.5,1098780032,28021550341
7-Sep-17,333.52,333.52,319.94,329.43,718624000,31127463390
6-Sep-17,313.8,334.66,313.49,334.34,1058830016,31584914370
5-Sep-17,297.57,318.57,268.29,312.99,1551049984,29562162666
4-Sep-17,347.13,347.13,279.94,295.17,1801689984,27873682151
3-Sep-17,350.23,366.49,332.23,347.48,986265984,32807142041
2-Sep-17,387.82,389.35,328.1,348.98,1483600000,32942250738
1-Sep-17,383.47,390.04,383.47,387.74,874222016,36593410761
31-Aug-17,378.44,386.14,376.35,383.04,706254016,36142706814
30-Aug-17,369.47,388.75,361.97,378.48,1333319936,35705639885
29-Aug-17,347.96,373.76,347.79,370.67,1220029952,34961063278
28-Aug-17,350.04,352.05,338.41,347.75,854318976,32792635350
27-Aug-17,334.36,347.89,334.36,347.89,633369984,32799991739
26-Aug-17,331.99,334.98,327.92,333.88,514180992,31472781162
25-Aug-17,326.11,336.4,325.8,331.92,760329024,31281210162
24-Aug-17,317.45,327.96,317.08,325.61,697665024,30680964300
23-Aug-17,315.27,324.21,314.54,317.52,811990016,29911326162
22-Aug-17,321.05,327.36,297.91,314.79,1336400000,29646659314
21-Aug-17,300.48,347.05,297.23,321.59,2448969984,30280406340
20-Aug-17,296.64,301.43,291.58,301.43,571947008,28375046491
19-Aug-17,296.18,301.67,286.18,297.47,860201984,27995885731
18-Aug-17,301.7,307.96,292.5,295.59,936160000,27812276026
17-Aug-17,302.8,311.03,300.25,301.46,909494016,28357573570
16-Aug-17,289.82,303.41,285.39,302.27,967643008,28426961863
15-Aug-17,299.95,300.41,279.33,289.82,1051800000,27249639651
14-Aug-17,298.03,306.81,296.41,300.1,864390976,28209451117
13-Aug-17,310.37,310.82,289.31,298.06,1369369984,28011760531
12-Aug-17,308.71,317.56,307.9,310.6,1111650048,29183139234
11-Aug-17,294.49,309.21,294.49,308.86,953576000,29013166489
10-Aug-17,296.96,306.59,289.93,295.89,1076819968,27788165832
9-Aug-17,297.63,318.72,276.69,296.03,2638579968,27794475648
8-Aug-17,269.1,298.91,266.8,296.77,1502409984,27857712299
7-Aug-17,261.24,271.96,256.69,269.18,935726976,25262099071
6-Aug-17,256.42,271.05,252.85,261.57,1482979968,24541904159
5-Aug-17,222.85,256.51,221.95,256.51,1332999936,24061766194
4-Aug-17,225.31,227.62,222.06,223.07,539782976,20920682038
3-Aug-17,220.18,228.29,219.89,225.34,557217024,21128736918
2-Aug-17,227.01,229.51,218.12,219.95,632606016,20618746852
1-Aug-17,204.69,227.74,204.69,226.77,1585330048,21252988047
31-Jul-17,197.4,203.87,193.41,203.87,569414016,19102596755
30-Jul-17,206.74,208.54,196.15,197.98,596233984,18545669554
29-Jul-17,193.34,208.68,179.65,205.79,824355008,19272280500
28-Jul-17,204.32,204.9,192.3,193.12,562571008,18081289103
27-Jul-17,204.86,206.44,201.26,204.32,393283008,19124468250
26-Jul-17,207.09,210.77,194.78,203.95,717692032,19085332800
25-Jul-17,224.37,225.32,195.85,206.71,1095760000,19338262506
24-Jul-17,226.29,227.54,222.45,224.71,431691008,21016755177
23-Jul-17,229.12,231.68,217.72,225.95,649614976,21127295409
22-Jul-17,217.86,232.7,216.87,229.48,618259968,21451273566
21-Jul-17,226.06,235.12,213.01,218.3,1006129984,20401709506
20-Jul-17,205.42,233.9,203.22,227.26,2224999936,21233651866
19-Jul-17,234.94,245.65,191.74,199.7,2328790016,18653610729
18-Jul-17,195.03,267.99,182.06,234.39,2709260032,21887962776
17-Jul-17,159.99,194.75,158.04,193.42,1669500032,18057735704
16-Jul-17,169.57,172.01,133.72,157.36,1516889984,14687441605
15-Jul-17,199.71,200.16,170.65,170.65,810451968,15923953593
14-Jul-17,209.53,211.1,187.37,199.66,749382016,18625794688
13-Jul-17,231.81,231.81,200.07,209.73,828489024,19560300930
12-Jul-17,197.15,230.77,189.59,230.77,1241190016,21517152174
11-Jul-17,211.52,220.29,183.39,197.4,1440950016,18401040701
10-Jul-17,243.01,243.07,196.96,215.36,937219008,20069373698
9-Jul-17,251.82,255.1,242.14,242.14,505118016,22559120946
8-Jul-17,245.89,273.48,236.55,251.7,754958016,23443013086
7-Jul-17,270.35,273.94,244.17,245.99,687251968,22900134646
6-Jul-17,268.86,278.48,265.51,270.55,623080000,25179348911
5-Jul-17,273.1,275.13,261.45,268.77,790256000,25011710285
4-Jul-17,282.19,287.39,273.11,273.3,687691008,25425860777
3-Jul-17,288.41,291.1,281.18,282.9,851408000,26310761677
2-Jul-17,275.12,295.51,262.52,287.99,1123330048,26776243984
1-Jul-17,293.35,293.75,268.62,274.6,1089200000,25524313603
30-Jun-17,303.15,315.17,288.44,294.92,1011800000,27404731861
29-Jun-17,328.37,330.71,297.37,302.88,1508579968,28136918558
28-Jun-17,293.04,333.1,276.41,327.93,2056550016,30454577323
27-Jun-17,272.69,293.09,227.14,293.09,1973869952,27211279055
26-Jun-17,302.95,311.46,238.65,272.69,2081810048,25309759968
25-Jun-17,323.47,332.79,284.65,303.25,1186880000,28138409364
24-Jun-17,341.63,343.62,322.09,323.7,673585024,30027238696
23-Jun-17,336.48,348.01,334.99,341.74,593206976,31691908924
22-Jun-17,337.73,342.03,330.62,336.37,925766976,31185326164
21-Jun-17,359.54,361.34,319.48,336.87,1420130048,31222823000
20-Jun-17,370.33,377.97,350.94,359.01,1020390016,33260958885
19-Jun-17,371.86,377.11,369.76,370.06,685171968,34278915230
18-Jun-17,379.52,390.58,368.84,371.46,904702976,34398150201
17-Jun-17,369.88,379.41,364,379.41,904652992,35124053707
16-Jun-17,361.18,373.05,341.42,370.23,1096280064,34263095462
15-Jun-17,358.51,364.44,300.7,361.93,2463450112,33485258152
14-Jun-17,397.59,399.32,342.21,359.05,1272579968,33208658542
13-Jun-17,395.69,411.18,370.06,397.54,1717379968,36756801123
12-Jun-17,341.16,414.76,341.16,401.49,2882650112,37110948644
11-Jun-17,338.79,353.01,318.17,340.61,1373219968,31473965821
10-Jun-17,282.01,350.26,282.01,337.67,1611629952,31192780483
9-Jun-17,261.75,282.76,261.75,281.74,557985984,26018098658
8-Jun-17,257.99,262.25,253.98,261.67,385494016,24157329921
7-Jun-17,264.26,264.67,254.04,258.07,461648992,23818300202
6-Jun-17,248.6,267.51,246.84,264.47,741553024,24401181121
5-Jun-17,245.26,249.47,243.05,248.46,435660000,22917910489
4-Jun-17,224.12,250.41,223.98,245.33,753820032,22622207553
3-Jun-17,223.46,225.97,219.42,224.38,427896000,20683715605
2-Jun-17,222.29,229.41,219.58,223.77,469532000,20622162299
1-Jun-17,230.89,236.22,214.48,222.24,812924032,20474652879
31-May-17,231.58,236.96,215.57,230.67,1271600000,21244817139
30-May-17,195.61,233.71,189.29,231.91,1586669952,21352550184
29-May-17,170.13,197.13,164.53,194.91,718828032,17939882189
28-May-17,158.82,179.93,157.6,170.51,717971008,15689192548
27-May-17,159.82,166.95,120.44,157.76,1217059968,14511207045
26-May-17,175.22,193.69,150.28,160.4,792457984,14749889600
25-May-17,189.85,210.98,170.51,174.45,943636992,16036165877
24-May-17,182.65,228.37,182.45,190.05,561014016,17464735543
23-May-17,170.82,183.55,169.93,181.95,530708992,16715702521
22-May-17,158.17,201.75,152.47,174.26,1188909952,16004156112
21-May-17,127.54,159.03,125.89,157.94,570361024,14500421529
20-May-17,129.22,133.64,124.7,126.52,331455008,11612447946
19-May-17,97.05,133.56,97.05,129.53,626945024,11884632930
18-May-17,89.84,97.37,89.84,96.91,196236992,8888797357
17-May-17,89.25,91.27,84.43,89.86,183031008,8239948169
16-May-17,92.39,93.56,89.12,89.44,152284992,8198722531
15-May-17,90.78,95.43,86.83,92.41,170999008,8468960166
14-May-17,90.87,91.25,89.61,90.79,66046600,8317148601
13-May-17,88.69,93.81,86.66,90.84,88742200,8319066651
12-May-17,89.43,93.12,88.66,88.66,145824992,8116816184
11-May-17,89.77,102.55,88.48,89.88,132722000,8226220249
10-May-17,91.15,92.85,85.29,89.52,145602000,8191083680
9-May-17,91.23,93.06,80.39,91.16,363433984,8338258352
8-May-17,93.75,95.14,89.51,91.42,231344000,8359085414
7-May-17,97.87,98.24,89.87,94.01,183295008,8592854298
6-May-17,94.91,97.88,90.95,97.81,151462000,8937843151
5-May-17,96.73,103.23,92.22,94.4,331928000,8622992171
4-May-17,79.72,97.56,79.43,96.98,366847008,8856050446
3-May-17,77.25,80.1,75.76,79.72,141922000,7277279246
2-May-17,76.65,79.35,74.38,77.26,193772992,7050941746
1-May-17,79.32,82.52,73.09,76.3,376841984,6960466482
30-Apr-17,68.54,79.02,68.35,79.02,229944992,7206669917
29-Apr-17,71.39,71.9,66.78,68.38,165448000,6233911088
28-Apr-17,62.23,70.85,62.13,70.16,346545984,6394355247
27-Apr-17,52.81,62.17,52.29,62.17,246775008,5664157655
26-Apr-17,49.91,53.44,49.91,52.72,104884000,4801851008
25-Apr-17,50.07,50.3,49.81,49.89,38264600,4542708761
24-Apr-17,48.87,50.18,48.87,50.03,55580600,4553943109
23-Apr-17,48.59,48.89,48.17,48.49,36234000,4412126295
22-Apr-17,48.18,48.74,48.17,48.55,37357600,4416442028
21-Apr-17,49.64,49.66,48.14,48.22,45048300,4385105012
20-Apr-17,48.13,49.99,48.13,49.67,79600896,4515241563
19-Apr-17,50.73,50.95,47.26,48.31,76281000,4389519738
18-Apr-17,48.32,51.03,48.3,50.71,78748496,4606307174
17-Apr-17,48.66,48.75,48.05,48.3,44013300,4386552041
16-Apr-17,49.04,49.14,48.19,48.72,31343800,4422644315
15-Apr-17,47.65,49.57,47.18,49.1,66207800,4455916490
14-Apr-17,49.97,50.05,46.76,47.57,91674400,4315878957
13-Apr-17,46.31,50.91,46.31,50.22,157200000,4554299452
12-Apr-17,43.46,47.23,43.11,46.29,88045696,4196302994
11-Apr-17,43.5,44.25,43.3,43.41,38303300,3933886291
10-Apr-17,43.28,44.14,42.42,43.44,44061500,3935103268
9-Apr-17,44.28,44.49,42.89,43.27,55143000,3918563431
8-Apr-17,41.8,45.21,41.73,44.31,74138800,4011422381
7-Apr-17,42.87,44.04,41.65,42.16,81474704,3815963046
6-Apr-17,45.22,45.64,40.9,43.24,147120000,3912317959
5-Apr-17,44.66,47.84,44.54,45.3,119733000,4097477788
4-Apr-17,43.92,45.74,41.72,44.64,157568000,4036201194
3-Apr-17,48.82,48.82,43.41,44.36,190512992,4009009196
2-Apr-17,50.74,51.27,45.43,48.75,134604000,4404475423
1-Apr-17,50.03,51.93,48.88,50.7,92461904,4579187936
31-Mar-17,51.75,51.77,47.38,50.04,151416000,4517835716
30-Mar-17,53.12,53.31,51.87,52.21,86885696,4711996588
29-Mar-17,50.57,53.87,50.55,53.13,144998000,4793424049
28-Mar-17,49.71,50.96,49.15,50.77,97745296,4579693493
27-Mar-17,51.31,52.46,48.93,49.67,118978000,4478238274
26-Mar-17,50.77,51.8,49.28,50.52,106859000,4553738462
25-Mar-17,53.58,53.58,48.31,51.25,223059008,4617794703
24-Mar-17,43.64,54.14,43.21,53.11,297046016,4783511280
23-Mar-17,42.57,44.75,41.3,43.68,100724000,3932863932
22-Mar-17,43.12,43.52,39.69,42.34,113952000,3811229796
21-Mar-17,43.51,44.26,42.37,43.15,91265400,3882154700
20-Mar-17,44.83,46.23,42.44,43.39,154700992,3902862599
19-Mar-17,35.53,47,35.34,44.74,239430000,4022867100
18-Mar-17,46.87,46.87,31.7,34.16,262180000,3070500515
17-Mar-17,45.93,55.11,38.21,46.83,497534016,4207676009
16-Mar-17,35.36,47.17,35.36,46.35,454417984,4162873752
15-Mar-17,28.65,35.06,28.43,35.06,170344000,3147689118
14-Mar-17,28.57,29.93,27.32,28.65,101797000,2572014998
13-Mar-17,23.5,30.6,23.5,28.59,255488000,2565583285
12-Mar-17,21.46,23.44,21.38,23.44,74628896,2102276260
11-Mar-17,19.37,21.59,19.01,21.47,69150096,1925342939
10-Mar-17,17.74,19.66,17.68,19.33,87506800,1732837145
9-Mar-17,16.64,17.87,16.37,17.75,31418400,1590879625
8-Mar-17,18.88,18.88,16.65,16.65,44304600,1491498830
7-Mar-17,19.58,19.63,18.64,18.89,37972200,1691307055
6-Mar-17,19.28,20.1,19.11,19.61,32432700,1754907794
5-Mar-17,18.5,19.42,18.23,19.3,26816300,1727148626
4-Mar-17,19.52,20.06,18.62,18.62,27341900,1665411583
3-Mar-17,19.04,20.67,18.41,19.46,95863400,1739949803
2-Mar-17,17.36,19.35,16.95,19.03,83627104,1701011948
1-Mar-17,15.85,17.37,15.56,17.35,44927500,1550251865
28-Feb-17,15.45,16.06,15.12,15.82,65478900,1412825288
27-Feb-17,14.51,15.68,14.27,15.4,31667000,1374757041
26-Feb-17,13.52,14.54,13.4,14.52,20307500,1296040794
25-Feb-17,13.06,13.72,12.98,13.55,18533900,1208911983
24-Feb-17,13.13,13.23,12.88,13.07,19574400,1165715765
23-Feb-17,12.6,13.21,12.56,13.12,14522300,1169783161
22-Feb-17,12.69,12.76,12.55,12.6,10360900,1123050433
21-Feb-17,12.34,12.77,12.21,12.67,15183300,1128781640
20-Feb-17,12.77,12.9,12.43,12.43,12994400,1107158285
19-Feb-17,12.82,12.87,12.71,12.76,7799740,1136008890
18-Feb-17,12.71,12.83,12.68,12.81,9370010,1140211197
17-Feb-17,12.9,12.91,12.66,12.68,11636500,1127915204
16-Feb-17,12.92,12.92,12.54,12.9,38002600,1147726668
15-Feb-17,13.04,13.04,12.64,12.92,18464700,1148742628
14-Feb-17,11.29,13.33,11.29,13.03,42911500,1157709435
13-Feb-17,11.38,11.39,11.17,11.27,7216520,1001304093
12-Feb-17,11.35,11.4,11.3,11.4,6264900,1012466457
11-Feb-17,11.29,11.43,11.24,11.35,7544520,1007694076
10-Feb-17,11.05,11.34,10.78,11.28,11914200,1001069228
9-Feb-17,11.44,11.6,10.67,11.03,18400300,978825690
8-Feb-17,11.54,11.63,11.24,11.43,9688630,1013867331
7-Feb-17,11.43,11.61,11.41,11.52,7629640,1020961130
6-Feb-17,11.35,11.48,11.34,11.39,5695440,1009440330
5-Feb-17,11.44,11.49,11.32,11.35,5942960,1005855021
4-Feb-17,11.13,11.5,11.13,11.43,14139500,1012625893
3-Feb-17,10.81,11.11,10.76,11.11,12897800,984019776
2-Feb-17,10.74,10.89,10.55,10.82,10172500,957731836
1-Feb-17,10.74,10.85,10.56,10.73,12852200,949491718
31-Jan-17,10.56,10.75,10.55,10.73,11648700,948748952
30-Jan-17,10.49,10.71,10.47,10.57,8042180,934593362
29-Jan-17,10.56,10.57,10.45,10.48,4689950,926548657
28-Jan-17,10.54,10.58,10.43,10.56,6580700,933378690
27-Jan-17,10.58,10.61,10.44,10.54,7189170,930599699
26-Jan-17,10.57,10.67,10.51,10.59,8465020,934844928
25-Jan-17,10.62,10.62,10.48,10.57,6751450,932866678
24-Jan-17,10.73,10.77,10.57,10.63,8327330,938004330
23-Jan-17,10.71,10.84,10.67,10.82,7267210,954275900
22-Jan-17,10.91,10.97,10.58,10.7,8678620,943567856
21-Jan-17,10.6,10.98,10.58,10.91,11937600,961383820
20-Jan-17,10.39,10.76,10.35,10.6,10992800,933854252
19-Jan-17,10.24,10.44,10.18,10.4,8347550,915611849
18-Jan-17,10.3,10.52,9.94,10.23,10788200,900365728
17-Jan-17,9.64,10.61,9.54,10.3,18391900,906597925
16-Jan-17,9.88,9.93,9.58,9.64,14937400,847706513
15-Jan-17,9.83,10,9.6,9.9,14837900,870948977
14-Jan-17,9.79,9.89,9.44,9.65,20085800,847990590
13-Jan-17,9.83,9.85,9.51,9.77,25066600,858481082
12-Jan-17,9.72,10.08,9.18,9.86,30453800,866237622
11-Jan-17,10.54,10.66,9.46,9.72,26823500,853319722
10-Jan-17,10.37,10.69,10.29,10.55,10879700,926031183
9-Jan-17,10.31,10.78,10.14,10.33,25718300,906044584
8-Jan-17,9.87,10.39,9.83,10.29,16676600,902576769
7-Jan-17,10.24,10.28,9.59,9.87,23153600,865194523
6-Jan-17,10.29,10.63,9.63,10.25,29471800,898845928
5-Jan-17,11.29,11.89,9.4,10.25,41557400,898497892
4-Jan-17,9.71,11.28,9.56,11.25,41051200,985515893
3-Jan-17,8.37,10,8.32,9.73,33625200,851512055
2-Jan-17,8.17,8.44,8.05,8.38,14579600,733331654
1-Jan-17,7.98,8.47,7.98,8.17,14731700,715049208
31-Dec-16,8.15,8.16,7.91,7.97,9066800,696993600
30-Dec-16,8.29,8.47,8.05,8.16,13909900,713433620
29-Dec-16,7.54,8.53,7.54,8.28,27543800,724028107
28-Dec-16,7.15,7.62,7.08,7.52,17453300,657011884
27-Dec-16,7.28,7.32,7.09,7.17,8778610,626268701
26-Dec-16,7.13,7.33,7.05,7.27,5836810,635060699
25-Dec-16,7.26,7.34,7.14,7.18,8671840,626189631
24-Dec-16,7.15,7.41,7.15,7.27,7626020,633871896
23-Dec-16,7.58,7.69,7.16,7.17,19613100,624956487
22-Dec-16,7.9,7.91,7.5,7.59,16376700,661247899
21-Dec-16,7.66,7.94,7.66,7.91,9393550,689718972
20-Dec-16,7.63,7.75,7.57,7.66,6313550,667309961
19-Dec-16,7.87,7.87,7.63,7.64,5894760,665654987
18-Dec-16,7.86,7.93,7.72,7.87,5890020,684696555
17-Dec-16,7.86,7.9,7.52,7.88,8502620,685426528
16-Dec-16,7.86,7.93,7.8,7.86,5178610,683575806
15-Dec-16,8.24,8.24,7.72,7.83,13184400,680740349
14-Dec-16,8.45,8.52,8.25,8.27,7337220,718460239
13-Dec-16,8.52,8.53,8.35,8.42,4486190,731892846
12-Dec-16,8.19,8.61,8.17,8.52,9119700,740255866
11-Dec-16,8.13,8.27,8.1,8.19,5545500,711457159
10-Dec-16,8.44,8.53,8.02,8.13,8108370,705254561
9-Dec-16,8.17,8.67,8.05,8.45,12916300,732836297
8-Dec-16,8.38,8.86,8.23,8.23,16042700,713877391
7-Dec-16,7.89,8.54,7.33,8.38,22229600,726702380
6-Dec-16,6.8,7.92,5.98,7.87,50671200,682013454
5-Dec-16,7.41,7.64,6.66,6.82,17344500,591026579
4-Dec-16,7.9,7.95,7.44,7.44,8450790,644685715
3-Dec-16,7.77,8.15,7.67,7.92,12112100,685808136
2-Dec-16,8.46,8.46,7.42,7.76,18579800,671587252
1-Dec-16,8.6,8.65,8.36,8.45,5882340,731254342
30-Nov-16,8.16,8.75,8.16,8.59,10626600,742664775
29-Nov-16,8.73,8.74,7.88,8.17,17000400,706651179
28-Nov-16,9,9.01,8.72,8.72,6046890,753971438
27-Nov-16,9.31,9.33,8.78,9,8707660,777313922
26-Nov-16,9.42,9.5,9.31,9.33,3505990,805474198
25-Nov-16,9.23,9.75,9.21,9.4,7669720,811553949
24-Nov-16,9.85,9.85,8.93,9.23,15987800,796538442
23-Nov-16,9.92,9.96,9.76,9.84,4812310,849020680
22-Nov-16,9.63,10.24,9.59,9.91,11284400,854053528
21-Nov-16,9.58,9.64,9.54,9.62,3663210,829190391
20-Nov-16,9.66,9.71,9.52,9.58,5173420,825305262
19-Nov-16,9.48,9.75,9.48,9.66,5186540,832183861
18-Nov-16,9.99,10.01,9.48,9.48,10816100,815806832
17-Nov-16,10.06,10.19,9.92,9.99,6984700,859814328
16-Nov-16,10.22,10.33,9.93,10.06,9533550,865349966
15-Nov-16,9.97,10.32,9.85,10.22,6557550,878653067
14-Nov-16,10.1,10.16,9.96,9.97,3573250,856753361
13-Nov-16,9.89,10.41,9.84,10.1,8227770,868038290
12-Nov-16,10.29,10.34,9.7,9.88,10052500,848509382
11-Nov-16,10.51,10.57,10.26,10.29,6056300,883565427
10-Nov-16,10.67,10.68,10.51,10.52,4253980,903380024
9-Nov-16,10.82,10.83,10.22,10.66,14606600,914292103
8-Nov-16,10.85,10.92,10.74,10.83,6258150,929246807
7-Nov-16,10.9,10.96,10.78,10.81,5992480,926761430
6-Nov-16,10.99,11.25,10.85,10.87,5688710,931947467
5-Nov-16,11.09,11.24,10.88,11,5502670,942653972
4-Nov-16,10.82,11.12,10.82,11.09,9958040,949862035
3-Nov-16,10.8,11.11,10.76,10.8,15228600,924716659
2-Nov-16,10.77,11.16,10.69,10.75,11691700,920236997
1-Nov-16,10.96,11.18,10.3,10.77,22901300,921057444
31-Oct-16,11.23,11.5,10.94,11,13393900,940578264
30-Oct-16,10.43,11.45,10.29,11.18,16694900,956007454
29-Oct-16,11.1,11.2,9.56,10.44,27070400,892565736
28-Oct-16,11.47,11.58,10.95,11.09,13971500,946972469
27-Oct-16,11.53,11.61,11.26,11.5,13255400,982033774
26-Oct-16,11.38,11.66,11.38,11.53,10221800,984429110
25-Oct-16,11.97,11.99,11.15,11.41,19316000,973991742
24-Oct-16,12.04,12.1,11.91,11.97,5739690,1020971991
23-Oct-16,12.13,12.14,11.94,12.04,5774660,1026301229
22-Oct-16,12.18,12.19,11.95,12.07,7583820,1028949804
21-Oct-16,12.13,12.21,12.02,12.18,5676920,1037420190
20-Oct-16,12.05,12.29,12,12.1,8170760,1030522234
19-Oct-16,12.59,12.62,11.91,12.02,10576200,1023599502
18-Oct-16,12,12.93,12,12.59,18864200,1071362741
17-Oct-16,11.96,12.03,11.86,12.01,5724440,1021302744
16-Oct-16,11.98,12.01,11.93,11.95,3617280,1016373308
15-Oct-16,11.94,12,11.78,11.98,4991840,1018682988
14-Oct-16,11.99,12.07,11.9,11.94,4333510,1014456176
13-Oct-16,11.91,12.13,11.78,11.96,8665190,1016169767
12-Oct-16,11.78,12.07,11.71,11.93,9694640,1013248317
11-Oct-16,11.76,12.16,11.75,11.79,11727700,1000308761
10-Oct-16,12.06,12.06,11.62,11.76,10809200,997363895
9-Oct-16,12.22,12.36,11.98,12.05,7208480,1022264082
8-Oct-16,12.67,12.69,12.05,12.22,11611200,1035883228
7-Oct-16,12.85,12.99,12.53,12.67,8933050,1073405275
6-Oct-16,13.03,13.14,12.69,12.85,12044800,1088798918
5-Oct-16,13.28,13.35,13.04,13.04,9881370,1103736600
4-Oct-16,13.45,13.53,13.21,13.28,8348280,1123727868
3-Oct-16,13.2,13.49,13.19,13.45,7458320,1138142255
2-Oct-16,13.18,13.3,13.14,13.2,4079660,1116323115
1-Oct-16,13.2,13.31,13.05,13.17,6331160,1113568557
30-Sep-16,13.08,13.34,13.02,13.22,5950840,1117517388
29-Sep-16,13.28,13.34,13.07,13.07,5990630,1104310043
28-Sep-16,13.11,13.48,13.08,13.27,10239000,1120893441
27-Sep-16,12.86,13.21,12.86,13.1,6831070,1105565483
26-Sep-16,13.17,13.17,12.74,12.82,7213070,1081884909
25-Sep-16,12.85,13.11,12.8,13.1,5283440,1104901553
24-Sep-16,13.32,13.34,12.68,12.88,9824880,1085651021
23-Sep-16,13.21,13.45,13.1,13.33,9166430,1123430818
22-Sep-16,13.66,13.66,12.48,13.25,27382800,1115922936
21-Sep-16,14.43,14.43,13.17,13.77,28645000,1159365902
20-Sep-16,13.21,14.43,13.12,14.43,31929100,1214629780
19-Sep-16,12.44,13.19,12.42,13.19,13838800,1109717807
18-Sep-16,12.69,12.99,12.16,12.43,22433300,1045462817
17-Sep-16,12.56,12.76,12.44,12.7,7446610,1067645133
16-Sep-16,11.96,12.75,11.9,12.56,17421500,1055235487
15-Sep-16,11.94,12.14,11.92,11.94,7309090,1002844845
14-Sep-16,11.9,12,11.86,11.92,5694820,1001301306
13-Sep-16,11.89,12.09,11.88,11.92,11704300,1000535934
12-Sep-16,11.64,11.95,11.61,11.89,7478080,998057810
11-Sep-16,12.21,12.21,11.59,11.64,8791180,976259356
10-Sep-16,11.66,12.22,11.54,12.17,7220300,1020331771
9-Sep-16,11.41,11.68,11.39,11.65,6109200,976718524
8-Sep-16,11.55,11.7,11.25,11.35,11535000,950629714
7-Sep-16,11.69,11.73,11.52,11.55,6115050,967186182
6-Sep-16,11.73,11.73,11.47,11.69,6346330,978635238
5-Sep-16,11.68,11.81,11.59,11.72,5724100,980599518
4-Sep-16,11.75,11.79,11.47,11.68,7220550,977118527
3-Sep-16,12.11,12.36,11.35,11.76,13358800,983336326
2-Sep-16,11.96,12.31,11.88,12.11,9368300,1012583470
1-Sep-16,11.67,12.58,11.65,11.99,24051500,1002322694
31-Aug-16,11.24,11.68,11.18,11.67,11073700,975003119
30-Aug-16,10.99,11.3,10.96,11.23,7221260,937596563
29-Aug-16,10.92,11.15,10.79,10.98,8130540,916781161
28-Aug-16,11.15,11.15,10.92,10.93,5303040,911883241
27-Aug-16,11.29,11.29,11.14,11.15,15108400,929789646
26-Aug-16,11.35,11.45,11.21,11.3,5857850,941701926
25-Aug-16,11.03,11.39,11.02,11.36,8552380,946508890
24-Aug-16,11.02,11.15,11.01,11.04,4423420,919368975
23-Aug-16,11.14,11.23,10.9,11.03,6489380,918563334
22-Aug-16,11.19,11.34,11.07,11.12,6588920,925725247
21-Aug-16,11.25,11.25,10.99,11.18,4355660,930217061
20-Aug-16,10.75,11.3,10.75,11.25,7443540,935523908
19-Aug-16,10.75,10.8,10.73,10.75,5390850,893697474
18-Aug-16,10.75,11.01,10.74,10.76,6935800,893970119
17-Aug-16,11.13,11.15,10.75,10.75,8833760,893343056
16-Aug-16,11.23,11.24,11,11.14,7051510,925130735
15-Aug-16,11.2,11.31,11,11.22,7500840,931306989
14-Aug-16,11.58,11.69,11.1,11.19,8680160,928985642
13-Aug-16,11.77,11.79,11.51,11.57,7539490,959859186
12-Aug-16,11.69,12.04,11.64,11.78,13690100,976670290
11-Aug-16,12.14,12.27,11.63,11.69,17505000,969030731
10-Aug-16,12.23,12.46,11.98,12.14,28096300,1006130318
9-Aug-16,11.27,12.45,11.2,12.24,36656600,1014113084
8-Aug-16,10.91,11.33,10.86,11.25,14956700,931013385
7-Aug-16,10.86,11.09,10.78,10.91,16551000,903026897
6-Aug-16,10.92,10.94,10.29,10.88,16712600,900151688
5-Aug-16,11.02,11.18,10.76,10.93,15487900,903471435
4-Aug-16,10.31,11.29,10.16,11.04,38151400,912823135
3-Aug-16,8.88,10.42,8.88,10.29,53979400,850578647
2-Aug-16,10.95,11.14,8.2,8.79,88803296,725809584
1-Aug-16,11.89,12.01,10.94,10.94,23999500,903408507
31-Jul-16,12.44,12.51,11.55,11.88,25441400,980174931
30-Jul-16,12.8,12.8,12.46,12.46,9047810,1028064459
29-Jul-16,12.84,12.87,12.55,12.79,14082300,1055182413
28-Jul-16,12.98,12.99,12.49,12.84,24603900,1058813509
27-Jul-16,12.05,13.31,11.84,12.97,58278800,1069044527
26-Jul-16,13.82,13.85,11.73,11.99,94428800,987619812
25-Jul-16,12.74,13.86,12.68,13.84,36673800,1139304848
24-Jul-16,14.3,14.44,12.32,12.75,77750800,1049423539
23-Jul-16,14.67,14.9,14.05,14.3,32489700,1176571490
22-Jul-16,12.66,14.81,12.54,14.66,74779504,1205898353
21-Jul-16,12.46,12.71,11.99,12.65,24636900,1040082090
20-Jul-16,11.59,12.99,11.57,12.45,60226100,1023222624
19-Jul-16,11.05,12.01,11.01,11.62,21730000,954516828
18-Jul-16,11.17,11.61,10.95,11.03,15931900,906133047
17-Jul-16,11.62,11.67,11.01,11.16,17921600,915977475
16-Jul-16,11.92,11.94,11.59,11.65,10445700,956165958
15-Jul-16,11.5,12.43,11.49,11.95,26838900,980299532
14-Jul-16,10.6,11.68,10.6,11.51,23621900,943973547
13-Jul-16,10.51,10.59,10.4,10.5,6715660,860607720
12-Jul-16,10.45,10.76,10.43,10.52,11127700,861548337
11-Jul-16,10.94,11.01,10.26,10.46,13098000,856538034
10-Jul-16,10.96,11.01,10.78,10.95,5479240,896201853
9-Jul-16,11.42,11.46,10.73,10.97,17254800,897316512
8-Jul-16,10.12,11.52,9.96,11.39,20039800,932056896
7-Jul-16,10.54,10.57,9.8,10.11,15407200,826607193
6-Jul-16,10.58,11.11,10.28,10.53,18137300,860571470
5-Jul-16,11.46,11.52,9.58,10.61,45526900,866971680
4-Jul-16,11.7,11.88,11.39,11.47,12943500,936840410
3-Jul-16,12.12,12.15,11.59,11.72,10588700,956815986
2-Jul-16,12.22,12.22,11.95,12.13,8987070,989751702
1-Jul-16,12.44,12.49,11.73,12.2,17236500,995164390
30-Jun-16,12.6,12.74,12.25,12.46,15801300,1016130567
29-Jun-16,12.17,13.04,11.69,12.61,26982800,1027934140
28-Jun-16,13.93,13.98,11.72,12.18,43436600,992040075
27-Jun-16,13.81,14.12,13.75,13.88,10994700,1130782777
26-Jun-16,14.26,14.37,13.66,13.85,14747600,1127593040
25-Jun-16,14.3,14.58,14.02,14.28,15383100,1162367709
24-Jun-16,13.68,14.57,13.22,14.33,33332900,1165908840
23-Jun-16,13.22,13.79,12.56,13.68,30806400,1112111665
22-Jun-16,13.2,15.79,13.1,13.1,96994096,1064441461
21-Jun-16,11.82,13.42,11.29,13.31,69245600,1081206507
20-Jun-16,12.24,12.45,10.52,11.84,58143600,961613934
19-Jun-16,11.17,13.18,10.64,12.23,69783600,993283674
18-Jun-16,15.38,15.38,9.96,11.33,133937000,919553125
17-Jun-16,20.65,21.52,13.57,15.38,199408000,1247381862
16-Jun-16,18.36,20.83,18.36,20.59,38531000,1669490450
15-Jun-16,18.91,18.91,17.71,18.35,19393400,1487730475
14-Jun-16,17.61,19.27,17.3,18.89,64412200,1530808958
13-Jun-16,15.77,17.64,15.72,17.6,38023400,1425681023
12-Jun-16,14.19,15.9,14.19,15.74,38210300,1274609697
11-Jun-16,13.91,14.19,13.72,14.19,12176500,1148494818
10-Jun-16,14.38,14.43,13.82,13.91,11312900,1125141726
9-Jun-16,14.43,14.57,14.34,14.4,8256830,1164331165
8-Jun-16,14.51,14.78,14.28,14.42,16941800,1165411416
7-Jun-16,13.95,14.51,13.81,14.51,21421600,1172565099
6-Jun-16,14,14.06,13.73,13.93,8720400,1125426017
5-Jun-16,13.76,14.07,13.57,13.98,11088400,1128276672
4-Jun-16,13.86,13.95,13.42,13.74,15792400,1108902326
3-Jun-16,13.74,13.87,13.25,13.85,22981500,1117035879
2-Jun-16,13.99,14.05,13.63,13.74,10477200,1107823663
1-Jun-16,14.11,14.32,13.44,14,22471300,1128621280
31-May-16,12.74,14.27,12.64,14.08,42433400,1134278934
30-May-16,12.33,12.88,12.27,12.73,14733800,1024940354
29-May-16,12.11,12.69,11.78,12.35,28598400,994349367
28-May-16,11.33,12.36,10.37,11.89,47274800,957134590
27-May-16,12.39,12.39,10.5,11.3,57496400,908715671
26-May-16,12.52,12.99,12.06,12.43,20764000,999589702
25-May-16,12.79,12.9,11.77,12.53,27444700,1006875564
24-May-16,13.31,13.77,12.01,12.73,41560600,1023046506
23-May-16,14.28,14.49,13.19,13.46,23842800,1081207347
22-May-16,14.04,14.35,13.77,14.29,17938900,1146979484
21-May-16,13.69,14.05,13.12,14.02,24648400,1124761560
20-May-16,14.85,15.05,13.38,13.64,50544100,1093879433
19-May-16,13.54,14.87,13.34,14.77,53757500,1184385765
18-May-16,12.18,14.26,12.18,13.56,65389900,1086834954
17-May-16,11.19,12.49,11.15,12.2,37198700,977439936
16-May-16,9.97,11.44,9.97,11.17,29079900,894750992
15-May-16,10.24,10.44,9.93,9.96,9218400,797607883
14-May-16,10.51,10.61,9.81,10.24,18808000,819487228
13-May-16,10.06,11.05,10.02,10.51,31276900,840514936
12-May-16,10,10.51,9.86,10.06,24137700,804287196
11-May-16,9.43,10.01,9.39,10,15267500,799045673
10-May-16,9.28,9.48,9.26,9.36,9321790,748013846
9-May-16,9.49,9.64,9.2,9.3,13085300,742621899
8-May-16,9.37,9.6,8.93,9.48,15031000,757112769
7-May-16,9.32,9.48,9.21,9.37,10806500,747838842
6-May-16,9.81,9.95,9.04,9.35,21510600,745638476
5-May-16,9.4,10.05,9.29,9.83,18296200,783576042
4-May-16,9.38,10.03,9.27,9.41,17622400,750396087
3-May-16,10.17,10.17,9.28,9.31,21463900,741932869
2-May-16,8.89,10.32,8.85,10.16,41019200,809492236
1-May-16,8.78,9.01,8.43,8.85,16713800,704335725
30-Apr-16,7.45,9.37,7.45,8.81,36573300,701473017
29-Apr-16,7.21,7.73,7.17,7.46,8762080,593261114
28-Apr-16,7.74,7.91,7.17,7.17,11576000,570380061
27-Apr-16,7.39,7.97,7.32,7.76,19254500,616849026
26-Apr-16,7.53,7.55,7.06,7.4,17667300,587763650
25-Apr-16,8.01,8.09,7.24,7.55,18239900,600026226
24-Apr-16,8.29,8.47,7.96,8,10786400,635274078
23-Apr-16,7.79,8.55,7.74,8.29,14565200,658310822
22-Apr-16,8.15,8.27,7.67,7.82,13309300,620481616
21-Apr-16,8.45,8.72,7.96,8.1,13355400,642511137
20-Apr-16,8.69,8.83,8.31,8.47,15634700,671081004
19-Apr-16,9.08,9.31,8.6,8.71,12899100,690548723
18-Apr-16,9.33,9.51,8.5,9.04,21084100,715710193
17-Apr-16,8.62,9.7,8.56,9.31,24619600,737045140
16-Apr-16,8.24,8.65,8.11,8.61,9888460,681383666
15-Apr-16,8.39,8.62,8.1,8.24,12179000,652099781
14-Apr-16,8.08,8.76,8.02,8.39,13590700,663262434
13-Apr-16,7.44,8.72,7.07,8.04,31403300,635899507
12-Apr-16,8.64,8.64,7.15,7.44,23190100,588069234
11-Apr-16,8.94,8.95,8,8.64,15138100,682735835
10-Apr-16,9.15,9.22,7.46,8.94,42613400,705565730
9-Apr-16,9.69,10.09,9.07,9.15,16194800,722193576
8-Apr-16,10.08,10.39,9.66,9.72,14660600,766797893
7-Apr-16,10.7,10.81,9.95,10.07,13464500,794097554
6-Apr-16,10.45,10.97,10.28,10.69,16997100,842318789
5-Apr-16,11.21,11.21,10.13,10.44,20557300,822498173
4-Apr-16,11.62,11.62,11.02,11.16,9599070,878817015
3-Apr-16,11.63,11.71,11.51,11.62,5580550,914757199
2-Apr-16,11.63,11.69,11.4,11.6,8682620,912861404
1-Apr-16,11.4,11.85,11.4,11.66,11373100,917590806
31-Mar-16,11.92,12.01,11.32,11.4,14966700,896764774
30-Mar-16,11.61,12.18,11.47,11.95,19351200,939593767
29-Mar-16,11.75,11.91,11.35,11.66,17684200,915917612
28-Mar-16,10.43,11.86,10.41,11.67,23188300,916272916
27-Mar-16,10.99,11.05,10.11,10.42,16744800,818048967
26-Mar-16,10.77,11.18,10.59,10.97,9425480,861261383
25-Mar-16,11.26,11.37,10.53,10.74,13782000,842804289
24-Mar-16,12.44,12.5,10.8,11.23,26081800,881027910
23-Mar-16,11.33,12.43,11.24,12.42,19353200,973296475
22-Mar-16,11.88,12.03,11.18,11.27,19730300,883434497
21-Mar-16,10.3,12.01,10.16,11.86,28572600,928428770
20-Mar-16,10.52,10.9,9.57,10.32,17651100,807256577
19-Mar-16,11.2,11.2,9.78,10.53,26735700,823422650
18-Mar-16,11.11,11.18,8.52,11,53956800,859618881
17-Mar-16,12.56,12.64,10.44,11.08,41650600,865792703
16-Mar-16,13.02,13.73,12.5,12.52,24335500,974447125
15-Mar-16,13,13.2,12.05,13.01,28404500,1012119266
14-Mar-16,14.51,15.01,11.58,12.45,58385100,968384041
13-Mar-16,13.51,15.26,13.47,14.48,43915100,1125287882
12-Mar-16,11.13,13.53,11.09,13.53,48957300,1051728778
11-Mar-16,11.22,11.6,10.39,11.08,21002700,861012043
10-Mar-16,11.88,12.24,10.99,11.31,26851500,877988473
9-Mar-16,9.79,12.05,9.67,11.9,27540500,923733301
8-Mar-16,9.58,10.17,8.82,9.85,25524300,764269545
7-Mar-16,11.43,11.65,9.31,9.55,34085100,741166643
6-Mar-16,11.2,11.84,9.99,11.38,39112000,882886756
5-Mar-16,10.37,12.27,9.97,11,56439600,853205226
4-Mar-16,9.24,10.41,8.48,10.41,35520100,806593727
3-Mar-16,8.44,10.1,8.33,9.29,40314900,720179291
2-Mar-16,7.63,8.75,7.37,8.47,29130200,655748796
1-Mar-16,6.32,7.91,6.31,7.65,23098100,592677993
29-Feb-16,6.46,6.61,6.05,6.34,7648020,490556570
28-Feb-16,6.41,6.62,6.24,6.47,9851660,500569665
27-Feb-16,5.96,6.53,5.92,6.43,8903210,497119698
26-Feb-16,6.04,6.27,5.74,5.92,9526860,457966535
25-Feb-16,6.19,6.65,5.55,6.1,21471800,471975064
24-Feb-16,5.6,6.24,5.51,6.24,11426500,481995066
23-Feb-16,5.68,5.95,5.39,5.59,13380600,431598157
22-Feb-16,4.66,5.65,4.64,5.62,15056200,433798974
21-Feb-16,4.36,4.71,4.23,4.65,6413550,359310563
20-Feb-16,4.68,4.75,4.13,4.34,8631090,335088727
19-Feb-16,4.38,4.79,4.27,4.74,7666320,365577845
18-Feb-16,3.77,4.77,3.42,4.4,17054000,339328346
17-Feb-16,4.29,4.77,3.5,3.76,15451000,289721943
16-Feb-16,5.33,5.47,4.03,4.32,15889100,332648533
15-Feb-16,5.33,5.89,5.02,5.29,13934200,407524960
14-Feb-16,5.4,5.47,4.45,5.24,11226500,403647764
13-Feb-16,5.69,5.72,4.19,5.39,24218800,414729231
12-Feb-16,5.95,6.58,5.07,5.55,23360800,427037697
11-Feb-16,4.5,6.29,4.34,6.01,26408200,462770855
10-Feb-16,4,4.86,3.78,4.44,28640400,341305129
9-Feb-16,3.17,4.04,3.17,4.04,17954000,311075408
8-Feb-16,2.97,3.27,2.88,3.18,9725690,244479014
7-Feb-16,2.54,3.06,2.54,2.96,7007060,227838892
6-Feb-16,2.53,2.56,2.47,2.53,1921240,194733892
5-Feb-16,2.57,2.61,2.47,2.54,2636700,195018592
4-Feb-16,2.53,2.63,2.44,2.58,3552320,197953037
3-Feb-16,2.43,2.54,2.34,2.53,3987750,194099730
2-Feb-16,2.22,2.45,2.16,2.44,3451270,187200922
1-Feb-16,2.32,2.32,2.12,2.21,3994100,169654871
31-Jan-16,2.44,2.53,2.19,2.31,5847500,176834424
30-Jan-16,2.51,2.61,2.4,2.45,3725080,187435391
29-Jan-16,2.54,2.61,2.3,2.49,6662340,191198055
28-Jan-16,2.41,2.68,2.34,2.53,4903850,193551356
27-Jan-16,2.25,2.59,2.19,2.39,6961080,182923580
26-Jan-16,2.53,2.84,1.99,2.28,13939200,174275656
25-Jan-16,2.15,2.66,2.06,2.5,10739300,191276220
24-Jan-16,1.9,2.3,1.9,2.14,9669770,163819884
23-Jan-16,1.5,2.03,1.5,1.97,7370980,150874912
22-Jan-16,1.55,1.58,1.47,1.5,1567240,114784065
21-Jan-16,1.53,1.59,1.49,1.55,1614960,118743869
20-Jan-16,1.36,1.62,1.35,1.53,2933220,117043472
19-Jan-16,1.42,1.46,1.31,1.37,2446740,104750746
18-Jan-16,1.33,1.54,1.32,1.43,4278930,108912542
17-Jan-16,1.22,1.33,1.21,1.33,1171150,101329330
16-Jan-16,1.22,1.31,1.17,1.22,2462630,93117298
15-Jan-16,1.18,1.32,1.14,1.21,3910550,92149709
14-Jan-16,1.12,1.19,1.1,1.19,751961,90714399
13-Jan-16,1.14,1.15,1.08,1.13,1005910,85775572
12-Jan-16,1.07,1.28,1.05,1.14,2898760,86951446
11-Jan-16,0.999216,1.07,0.999216,1.06,1011920,80874514
10-Jan-16,0.985557,1,0.975099,0.999231,390888,76097646
9-Jan-16,0.985501,0.992345,0.9736,0.986833,226281,75128312
8-Jan-16,0.942752,0.991825,0.939715,0.986789,545600,75099809
7-Jan-16,0.955801,0.974623,0.93583,0.942005,647462,71667152
6-Jan-16,0.950028,0.960659,0.935708,0.95086,308791,72317149
5-Jan-16,0.953147,0.970597,0.946543,0.950176,219833,72240974
4-Jan-16,0.972045,0.976438,0.929835,0.95448,346245,72543707
3-Jan-16,0.93843,0.991362,0.934313,0.971905,407632,73843292
2-Jan-16,0.947401,0.969637,0.93656,0.937124,255504,71176658
1-Jan-16,0.933712,0.954822,0.931442,0.948024,206062,71980386
31-Dec-15,0.912098,0.975414,0.910277,0.933542,663994,70858023
30-Dec-15,0.874258,0.941099,0.866647,0.911958,604078,69196765
29-Dec-15,0.843835,0.873054,0.833232,0.873054,215742,66222901
28-Dec-15,0.856356,0.872394,0.832932,0.845005,235134,64074279
27-Dec-15,0.853166,0.861538,0.841151,0.856365,164565,64913919
26-Dec-15,0.870766,0.897453,0.838314,0.854603,425282,64758910
25-Dec-15,0.861993,0.882556,0.861993,0.870363,187114,65931377
24-Dec-15,0.859433,0.882818,0.8476,0.863262,354646,65371538
23-Dec-15,0.861782,0.88294,0.856065,0.858077,334993,64957356
22-Dec-15,0.894973,0.909526,0.862059,0.864202,454249,65398932
21-Dec-15,0.906065,0.91739,0.891182,0.900771,549113,68143246
20-Dec-15,0.90824,0.943185,0.899441,0.903885,472164,68356313
19-Dec-15,0.921524,0.925874,0.888916,0.908072,343535,68650439
18-Dec-15,0.938327,0.939493,0.908081,0.920127,300787,69538663
17-Dec-15,0.993043,0.997611,0.911807,0.940701,640765,71069938
16-Dec-15,1.02,1.02,0.974927,0.991182,320767,74858729
15-Dec-15,0.990589,1.03,0.98224,1.01,578618,76568082
14-Dec-15,0.95662,1.01,0.950178,0.993022,563436,74947760
13-Dec-15,0.971538,0.989394,0.937438,0.952884,273614,71894531
12-Dec-15,0.931196,1.05,0.928546,0.976973,1376280,73686284
11-Dec-15,0.839995,0.929762,0.819789,0.929762,801072,70101842
10-Dec-15,0.79559,0.86159,0.787291,0.840396,369589,63342630
9-Dec-15,0.824454,0.824454,0.770488,0.792167,624221,59687098
8-Dec-15,0.806024,0.823645,0.782328,0.822118,445903,61922409
7-Dec-15,0.836322,0.850791,0.78765,0.811264,520409,61084951
6-Dec-15,0.866417,0.882436,0.833115,0.8355,443608,62889050
5-Dec-15,0.841195,0.872821,0.824444,0.862438,232743,64895497
4-Dec-15,0.812082,0.859575,0.802373,0.840041,241278,63189182
3-Dec-15,0.818546,0.837664,0.785086,0.812143,539969,61070307
2-Dec-15,0.873171,0.878017,0.818924,0.82121,506307,61730775
1-Dec-15,0.878316,0.886736,0.853937,0.8748,652857,65738067
30-Nov-15,0.879951,0.895054,0.847696,0.873119,784439,65589555
29-Nov-15,0.914144,0.914153,0.860533,0.878614,448358,65980042
28-Nov-15,0.868102,0.929293,0.862122,0.915703,462464,68742122
27-Nov-15,0.8821,0.900051,0.860695,0.867951,403813,65135635
26-Nov-15,0.863273,0.903643,0.80436,0.884183,947473,66330892
25-Nov-15,0.893827,0.899493,0.851106,0.863537,622991,64760707
24-Nov-15,0.946442,0.948055,0.895931,0.900191,524195,67487356
23-Nov-15,0.967493,0.969057,0.93387,0.946969,441875,70970606
22-Nov-15,0.979765,0.984132,0.958982,0.968018,372173,72523507
21-Nov-15,0.928758,0.978743,0.92094,0.97614,455976,73107357
20-Nov-15,0.955735,0.955735,0.898576,0.92492,614335,69247998
19-Nov-15,0.988713,1.01,0.937498,0.955532,443528,71517342
18-Nov-15,0.993214,1.01,0.940516,0.993319,681104,74320769
17-Nov-15,0.924948,1.03,0.905794,1.01,1145440,75392162
16-Nov-15,0.906166,0.944732,0.891971,0.928962,620945,69458011
15-Nov-15,0.891217,0.921516,0.874957,0.906368,411848,67745801
14-Nov-15,0.905469,0.906113,0.876908,0.888812,372514,66410518
13-Nov-15,0.907722,0.917309,0.846023,0.904096,543671,67529354
12-Nov-15,0.796455,0.913919,0.76351,0.895711,806156,66880152
11-Nov-15,0.941296,0.945278,0.729775,0.791829,1278580,59103443
10-Nov-15,1,1.05,0.920968,0.934348,854581,69717801
9-Nov-15,1.03,1.11,0.945263,0.999278,2045290,74537426
8-Nov-15,0.915661,1.03,0.915661,1.03,1021460,76614488
7-Nov-15,0.923732,0.943787,0.863539,0.927974,890187,69172171
6-Nov-15,0.904772,0.989848,0.852929,0.926032,913666,69004595
5-Nov-15,0.900699,0.991259,0.860382,0.895637,1179840,66716645
4-Nov-15,1.01,1.04,0.725665,0.89905,3060340,66947930
3-Nov-15,0.994568,1.07,0.936615,1.01,1907690,75434114
2-Nov-15,1.06,1.1,0.953647,0.989789,1145200,73654327
1-Nov-15,0.920847,1.08,0.899082,1.06,588913,78530263
31-Oct-15,1.05,1.06,0.900171,0.916627,673892,68163368
30-Oct-15,1.21,1.35,0.96816,1.04,2429200,77401817
29-Oct-15,1.01,1.21,0.947374,1.21,2279240,89668667
28-Oct-15,0.870938,1.06,0.807857,1,2373050,74469864
27-Oct-15,0.70889,0.898172,0.70889,0.869641,1846370,64580263
26-Oct-15,0.619743,0.757517,0.597098,0.731317,1089120,54289124
25-Oct-15,0.563207,0.688192,0.561383,0.616039,635384,45716387
24-Oct-15,0.539681,0.577396,0.518688,0.56359,258356,41809764
23-Oct-15,0.56637,0.611743,0.504284,0.539657,878822,40020348
22-Oct-15,0.444988,0.619466,0.420991,0.567702,924822,42085192
21-Oct-15,0.431589,0.482988,0.420897,0.447329,609085,33150826
20-Oct-15,0.489629,0.501898,0.431648,0.434829,383921,32213626
19-Oct-15,0.517621,0.521546,0.480994,0.489014,243742,36215624
18-Oct-15,0.547913,0.552234,0.512861,0.517734,133690,38329702
17-Oct-15,0.534117,0.56346,0.526961,0.547178,313860,40496031
16-Oct-15,0.562593,0.568861,0.522533,0.536495,249891,39691829
15-Oct-15,0.523278,0.572714,0.51473,0.561878,371022,41556025
14-Oct-15,0.61224,0.61224,0.483974,0.522968,971664,38665409
13-Oct-15,0.627943,0.63024,0.599214,0.607655,303044,44911718
12-Oct-15,0.634515,0.657789,0.62603,0.62603,109567,46253823
11-Oct-15,0.627461,0.639506,0.618335,0.634963,102128,46897253
10-Oct-15,0.641187,0.649022,0.624374,0.627857,141555,46356711
9-Oct-15,0.655084,0.692296,0.632116,0.650628,386420,48022036
8-Oct-15,0.609501,0.633138,0.591971,0.621716,310266,45872837
7-Oct-15,0.650515,0.656301,0.602423,0.609388,218327,44947527
6-Oct-15,0.622218,0.653944,0.60623,0.650645,262674,47974298
5-Oct-15,0.666784,0.674438,0.62445,0.628643,234263,46336892
4-Oct-15,0.686343,0.693126,0.660716,0.668379,103497,49249083
3-Oct-15,0.678783,0.709204,0.675482,0.687171,163326,50616972
2-Oct-15,0.683732,0.69112,0.654605,0.678574,219318,49966502
1-Oct-15,0.734307,0.734307,0.655906,0.690215,596084,50805919
30-Sep-15,0.661192,0.746722,0.635861,0.738644,619926,54351468
29-Sep-15,0.579414,0.67583,0.558346,0.661146,913992,48633259
28-Sep-15,0.723715,0.725677,0.557062,0.582886,1320890,42863006
27-Sep-15,0.791277,0.791277,0.719169,0.720839,413801,52990396
26-Sep-15,0.73763,0.787544,0.709328,0.785964,369620,57759115
25-Sep-15,0.820031,0.825665,0.712745,0.736223,903457,54085581
24-Sep-15,0.896796,0.908571,0.79346,0.81361,842505,59749888
23-Sep-15,0.90356,0.90891,0.885136,0.893406,200541,65587499
22-Sep-15,0.919337,0.919337,0.865225,0.901796,487914,66180153
21-Sep-15,0.941496,0.957326,0.878301,0.919047,424039,67422915
20-Sep-15,0.881191,0.947741,0.873205,0.938445,508314,68822183
19-Sep-15,0.849603,0.911883,0.833784,0.882391,386988,64687992
18-Sep-15,0.874574,0.888102,0.833908,0.853685,484622,62561883
17-Sep-15,0.906865,0.909204,0.831132,0.874231,897940,64046216
16-Sep-15,0.941977,0.952698,0.901639,0.907175,615593,66437873
15-Sep-15,0.875189,1.05,0.875189,0.94441,703390,69141409
14-Sep-15,0.940566,0.949387,0.87176,0.875622,741085,64084135
13-Sep-15,1.04,1.04,0.902832,0.936003,644138,68480587
12-Sep-15,0.987228,1.11,0.96978,1.04,772430,75971273
11-Sep-15,1.16,1.17,0.940675,0.982978,1942600,71868265
10-Sep-15,1.21,1.22,1.14,1.17,662782,85202732
9-Sep-15,1.24,1.26,1.2,1.21,366748,88150125
8-Sep-15,1.25,1.28,1.23,1.24,427892,90743242
7-Sep-15,1.3,1.31,1.24,1.25,489014,91020735
6-Sep-15,1.34,1.37,1.29,1.3,491968,94580164
5-Sep-15,1.28,1.34,1.27,1.34,448453,97683883
4-Sep-15,1.26,1.3,1.24,1.27,474391,92953701
3-Sep-15,1.3,1.31,1.21,1.26,702991,92234142
2-Sep-15,1.35,1.35,1.26,1.29,883769,94389544
1-Sep-15,1.35,1.39,1.34,1.35,778862,98507500
31-Aug-15,1.32,1.4,1.2,1.36,1447180,98963975
30-Aug-15,1.18,1.37,1.17,1.32,1337650,96097349
29-Aug-15,1.19,1.21,1.15,1.18,375377,86113895
28-Aug-15,1.15,1.21,1.12,1.19,721872,86731077
27-Aug-15,1.17,1.19,1.14,1.15,686662,83524585
26-Aug-15,1.13,1.2,1.06,1.16,1056750,84390924
25-Aug-15,1.23,1.24,1.13,1.14,1307180,82922633
24-Aug-15,1.35,1.36,1.23,1.23,924920,89515257
23-Aug-15,1.38,1.41,1.3,1.35,1589300,98300351
22-Aug-15,1.4,1.48,1.35,1.38,948310,100201826
21-Aug-15,1.48,1.56,1.35,1.4,2020970,101331856
20-Aug-15,1.25,1.53,1.25,1.46,2843760,106351420
19-Aug-15,1.17,1.32,1.17,1.26,1486240,91366391
18-Aug-15,1.22,1.33,1.09,1.09,1485680,78868413
17-Aug-15,1.58,1.58,1.19,1.2,1942830,87295367
16-Aug-15,1.68,1.7,1.09,1.57,3550790,94901005
15-Aug-15,1.8,1.88,1.57,1.69,2554360,102303608
14-Aug-15,1.81,2.26,1.75,1.83,4637030,110672322
13-Aug-15,1.22,1.97,1.17,1.83,4068680,110607192
12-Aug-15,1.06,1.29,0.883608,1.22,2150620,73645011
11-Aug-15,0.708087,1.13,0.663235,1.07,1463100,64569288
10-Aug-15,0.713989,0.729854,0.636546,0.708448,405283,42818364
9-Aug-15,0.706136,0.87981,0.629191,0.701897,532170,42399573
8-Aug-15,2.79,2.8,0.714725,0.753325,674188,45486894
7-Aug-15,2.83,3.54,2.52,2.77,164329,166610555